-- PlooTunes E2E baseline seed
--
-- Two parts:
--   1. The GENERATED CATALOG block — canonical artist/album/song rows,
--      produced by the real boot scanner and scraped with e2e/tools/scrape.sql.
--      Replaced wholesale on regeneration; never hand-edited.
--   2. Hand-written fixtures — users, library subscriptions, and an initial
--      queue. These reference songs by PATH via subqueries, never by UUID,
--      so regenerating the catalog (which mints new UUIDs) never invalidates
--      them. See e2e/baseline/README.md for the regeneration workflow.

-- BEGIN GENERATED CATALOG
-- 243 songs generated from e2e/baseline/assets/media by e2e/tools/generateCatalog.mjs
-- Do not hand-edit; regenerate instead. See e2e/baseline/README.md.
INSERT INTO artist (id, name) VALUES ('58ab2ec1-01a8-5c24-bbf9-0ee8d9707a8b', 'Abbath');
INSERT INTO artist (id, name) VALUES ('564caf57-817a-5c36-8da5-63d4cff31790', 'Aephanemer');
INSERT INTO artist (id, name) VALUES ('4cf4ba9f-47d6-53f2-bcbd-bd934ba58363', 'Æther Realm');
INSERT INTO artist (id, name) VALUES ('7b5b726b-6b30-5c93-9479-37a871e69b31', 'Amon Amarth');
INSERT INTO artist (id, name) VALUES ('2710c620-6653-5cbd-ba83-0e8d0160bf48', 'Faker');
INSERT INTO artist (id, name) VALUES ('14a147fa-ea86-5149-b418-ae65d1e9445e', 'Sabaton');
INSERT INTO album (id, name, album_artist_id, is_compilation, cover_image, year) VALUES ('adf7e58c-b390-5521-bf4c-bd81dc769d86', 'A Dream Of Wilderness [Disc 1]', '564caf57-817a-5c36-8da5-63d4cff31790', false, 'adf7e58c-b390-5521-bf4c-bd81dc769d86.jpg', 2021);
INSERT INTO album (id, name, album_artist_id, is_compilation, cover_image, year) VALUES ('31ec4fdb-7ce9-5b93-9b39-528610c1eac8', 'Abbath', '58ab2ec1-01a8-5c24-bbf9-0ee8d9707a8b', false, '31ec4fdb-7ce9-5b93-9b39-528610c1eac8.jpg', 2016);
INSERT INTO album (id, name, album_artist_id, is_compilation, cover_image, year) VALUES ('c6bc4ff0-aa47-5054-a541-33b0bb1f006d', 'Angels Calling (feat. Apocalyptica)', '14a147fa-ea86-5149-b418-ae65d1e9445e', false, 'c6bc4ff0-aa47-5054-a541-33b0bb1f006d.jpg', 2020);
INSERT INTO album (id, name, album_artist_id, is_compilation, cover_image, year) VALUES ('2767f160-ff50-5eca-891b-32d7c54fe884', 'Berserker', '7b5b726b-6b30-5c93-9479-37a871e69b31', false, '2767f160-ff50-5eca-891b-32d7c54fe884.jpg', 2019);
INSERT INTO album (id, name, album_artist_id, is_compilation, cover_image, year) VALUES ('9af5dcfe-082c-5ec8-8ca2-fde7d082b9dc', 'Bismarck', '14a147fa-ea86-5149-b418-ae65d1e9445e', false, '9af5dcfe-082c-5ec8-8ca2-fde7d082b9dc.jpg', 2019);
INSERT INTO album (id, name, album_artist_id, is_compilation, cover_image, year) VALUES ('29746ffc-427c-5dcc-b3af-ff5db3c155e8', 'Carolus Rex', '14a147fa-ea86-5149-b418-ae65d1e9445e', false, '29746ffc-427c-5dcc-b3af-ff5db3c155e8.jpg', 2012);
INSERT INTO album (id, name, album_artist_id, is_compilation, cover_image, year) VALUES ('b055493c-ca76-5f9a-93b2-6d4382045d1b', 'Deceiver of the Gods', '7b5b726b-6b30-5c93-9479-37a871e69b31', false, 'b055493c-ca76-5f9a-93b2-6d4382045d1b.jpg', 2013);
INSERT INTO album (id, name, album_artist_id, is_compilation, cover_image, year) VALUES ('b9a20304-1639-506f-9860-03e513a11c89', 'Faker', NULL, false, 'b9a20304-1639-506f-9860-03e513a11c89.jpg', 2016);
INSERT INTO album (id, name, album_artist_id, is_compilation, cover_image, year) VALUES ('aa2f9138-5464-55f2-af6d-44824599dc17', 'Faker', '2710c620-6653-5cbd-ba83-0e8d0160bf48', false, 'aa2f9138-5464-55f2-af6d-44824599dc17.jpg', 2016);
INSERT INTO album (id, name, album_artist_id, is_compilation, cover_image, year) VALUES ('80baf040-cd02-5578-a1f5-d52b061d29bf', 'Fate of Norns', '7b5b726b-6b30-5c93-9479-37a871e69b31', false, '80baf040-cd02-5578-a1f5-d52b061d29bf.jpg', 2008);
INSERT INTO album (id, name, album_artist_id, is_compilation, cover_image, year) VALUES ('0dd389e8-faaf-5414-8a3c-516c40df329f', 'Fields of Verdun', '14a147fa-ea86-5149-b418-ae65d1e9445e', false, '0dd389e8-faaf-5414-8a3c-516c40df329f.jpg', 2019);
INSERT INTO album (id, name, album_artist_id, is_compilation, cover_image, year) VALUES ('2eb77841-1096-5885-8e9a-52f8515afe94', 'Goodbye', '4cf4ba9f-47d6-53f2-bcbd-bd934ba58363', false, '2eb77841-1096-5885-8e9a-52f8515afe94.jpg', 2020);
INSERT INTO album (id, name, album_artist_id, is_compilation, cover_image, year) VALUES ('5d364be0-339e-5719-b7a5-c3561d429581', 'Great War', '14a147fa-ea86-5149-b418-ae65d1e9445e', false, '5d364be0-339e-5719-b7a5-c3561d429581.jpg', 2019);
INSERT INTO album (id, name, album_artist_id, is_compilation, cover_image, year) VALUES ('fed53df7-22d1-57d4-8a6c-6dd505694bc1', 'Heroes', '14a147fa-ea86-5149-b418-ae65d1e9445e', false, 'fed53df7-22d1-57d4-8a6c-6dd505694bc1.jpg', 2015);
INSERT INTO album (id, name, album_artist_id, is_compilation, cover_image, year) VALUES ('2f51545b-aba6-54f1-aa43-1e5a8c10814c', 'Jomsviking', '7b5b726b-6b30-5c93-9479-37a871e69b31', false, '2f51545b-aba6-54f1-aa43-1e5a8c10814c.jpg', 2016);
INSERT INTO album (id, name, album_artist_id, is_compilation, cover_image, year) VALUES ('4dd631ed-2dbc-5603-8e08-18209421bfd1', 'Know Thyself', '564caf57-817a-5c36-8da5-63d4cff31790', false, '4dd631ed-2dbc-5603-8e08-18209421bfd1.jpg', 2014);
INSERT INTO album (id, name, album_artist_id, is_compilation, cover_image, year) VALUES ('71efeada-ba97-5855-8c0a-b9a480231a1e', 'Memento Mori', '564caf57-817a-5c36-8da5-63d4cff31790', false, '71efeada-ba97-5855-8c0a-b9a480231a1e.jpg', 2016);
INSERT INTO album (id, name, album_artist_id, is_compilation, cover_image, year) VALUES ('f8e09f01-580e-59b6-89cc-71b39aa89777', 'One Chosen by the Gods', NULL, false, 'f8e09f01-580e-59b6-89cc-71b39aa89777.jpg', 2013);
INSERT INTO album (id, name, album_artist_id, is_compilation, cover_image, year) VALUES ('f86bef4b-e5ae-57c7-b0e4-f947ef4a6085', 'One Chosen by the Gods', '4cf4ba9f-47d6-53f2-bcbd-bd934ba58363', false, 'f86bef4b-e5ae-57c7-b0e4-f947ef4a6085.jpg', 2013);
INSERT INTO album (id, name, album_artist_id, is_compilation, cover_image, year) VALUES ('3d957e89-f879-57e7-a376-61de0c20e55a', 'Path of the Wolf - Single', '564caf57-817a-5c36-8da5-63d4cff31790', false, '3d957e89-f879-57e7-a376-61de0c20e55a.jpg', 2017);
INSERT INTO album (id, name, album_artist_id, is_compilation, cover_image, year) VALUES ('d6da0d83-ef2d-5bc4-a29c-51ec62d4980c', 'Prokopton', '564caf57-817a-5c36-8da5-63d4cff31790', false, 'd6da0d83-ef2d-5bc4-a29c-51ec62d4980c.jpg', 2019);
INSERT INTO album (id, name, album_artist_id, is_compilation, cover_image, year) VALUES ('bb197d3f-02cc-5b1d-9ec0-c6ba5dfe1323', 'Redneck Vikings from Hell', '4cf4ba9f-47d6-53f2-bcbd-bd934ba58363', false, 'bb197d3f-02cc-5b1d-9ec0-c6ba5dfe1323.jpg', 2020);
INSERT INTO album (id, name, album_artist_id, is_compilation, cover_image, year) VALUES ('e9294cb4-ff65-59ce-83bb-80ca3130f1ef', 'Surtur Rising', '7b5b726b-6b30-5c93-9479-37a871e69b31', false, 'e9294cb4-ff65-59ce-83bb-80ca3130f1ef.jpg', 2011);
INSERT INTO album (id, name, album_artist_id, is_compilation, cover_image, year) VALUES ('0c2174ad-4c2c-5a70-9d2e-b6a0af2a932f', 'Tarot', '4cf4ba9f-47d6-53f2-bcbd-bd934ba58363', false, '0c2174ad-4c2c-5a70-9d2e-b6a0af2a932f.jpg', 2017);
INSERT INTO album (id, name, album_artist_id, is_compilation, cover_image, year) VALUES ('931749bf-096d-531c-9e66-22f86684da49', 'The Art Of War (Re-Armed)', '14a147fa-ea86-5149-b418-ae65d1e9445e', false, '931749bf-096d-531c-9e66-22f86684da49.jpg', 2010);
INSERT INTO album (id, name, album_artist_id, is_compilation, cover_image, year) VALUES ('63e1730a-0e2c-57e0-9c1a-a14c8d430abb', 'The Chariot', '4cf4ba9f-47d6-53f2-bcbd-bd934ba58363', false, '63e1730a-0e2c-57e0-9c1a-a14c8d430abb.jpg', 2015);
INSERT INTO album (id, name, album_artist_id, is_compilation, cover_image, year) VALUES ('f496fd54-90c7-58ad-8f29-b125a07dcb82', 'The Great War', '14a147fa-ea86-5149-b418-ae65d1e9445e', false, 'f496fd54-90c7-58ad-8f29-b125a07dcb82.jpg', 2019);
INSERT INTO album (id, name, album_artist_id, is_compilation, cover_image, year) VALUES ('17aa218c-2299-59e6-9a7f-7b48a54e5dbb', 'The Last Stand', '14a147fa-ea86-5149-b418-ae65d1e9445e', false, '17aa218c-2299-59e6-9a7f-7b48a54e5dbb.jpg', 2016);
INSERT INTO album (id, name, album_artist_id, is_compilation, cover_image, year) VALUES ('1f4b215a-0aa5-5d30-aa09-b1eefb149f49', 'The Magician', NULL, false, '1f4b215a-0aa5-5d30-aa09-b1eefb149f49.jpg', 2013);
INSERT INTO album (id, name, album_artist_id, is_compilation, cover_image, year) VALUES ('a08a0c33-1d2b-527f-a117-d0dbc4a2ad00', 'Twilight Of The Thunder God', '7b5b726b-6b30-5c93-9479-37a871e69b31', false, 'a08a0c33-1d2b-527f-a117-d0dbc4a2ad00.jpg', 2008);
INSERT INTO album (id, name, album_artist_id, is_compilation, cover_image, year) VALUES ('f8e91e7d-8999-5656-9bec-43999f316272', 'With Oden On Our Side', '7b5b726b-6b30-5c93-9479-37a871e69b31', false, 'f8e91e7d-8999-5656-9bec-43999f316272.jpg', 2006);
INSERT INTO genre (id, name) VALUES ('bb81e914-0863-5638-ac18-3f371a7de2ad', 'Melodic Death Metal');
INSERT INTO genre (id, name) VALUES ('a67ab3bc-870e-5c48-88ac-88a32d0bc71a', 'Metal');
INSERT INTO genre (id, name) VALUES ('b14d867b-1d0b-5578-b92b-5ecd283cdd2f', 'Metal & Hard Rock');
INSERT INTO genre (id, name) VALUES ('ce0abca0-9b24-5b3b-97b8-72e9487afba2', 'Miscellaneous');
INSERT INTO genre (id, name) VALUES ('a2fbbe79-1ad1-52ba-9c00-b40747fa8f25', 'Power Metal');
INSERT INTO genre (id, name) VALUES ('7b06cab1-b93e-50e9-8eb6-5c20ea79db84', 'Rock');
INSERT INTO genre (id, name) VALUES ('8261ce61-cafb-59f2-b678-b8a80f95f3d4', 'Viking Metal');
INSERT INTO song (id, path, content_hash, mtime, name, track_number, disc_number, duration_ms, artist_id, album_id) VALUES ('709ec66c-4c32-5607-a487-ca459f452719', '/app/media/Abbath/Abbath_AshesOfTheDamned_886445634129_1_3.mp3', '55c020a86f122b92a2cb36a4dba2b0dc6c80ff1ab5cd22cdaad48237080ee665', 1784522386423, 'Ashes of the Damned', 3, NULL, 1632, '58ab2ec1-01a8-5c24-bbf9-0ee8d9707a8b', '31ec4fdb-7ce9-5b93-9b39-528610c1eac8');
INSERT INTO song (id, path, content_hash, mtime, name, track_number, disc_number, duration_ms, artist_id, album_id) VALUES ('dd4a2f4d-afed-5fb9-aa81-7e43cd3be878', '/app/media/Abbath/Abbath_CountTheDead_886445634129_1_5.mp3', 'dc87f42725cd91817be1f3fb6aa767016d8c08cb2a1d587f21ce457eac487cce', 1784522386423, 'Count the Dead', 5, NULL, 1632, '58ab2ec1-01a8-5c24-bbf9-0ee8d9707a8b', '31ec4fdb-7ce9-5b93-9b39-528610c1eac8');
INSERT INTO song (id, path, content_hash, mtime, name, track_number, disc_number, duration_ms, artist_id, album_id) VALUES ('ab2020bf-a594-5e3a-9b6a-1b2e9b2fc93a', '/app/media/Abbath/Abbath_Eternal_886445634129_1_8.mp3', '29cbfd040b8fe69034a189446eb1bfb03ac103d9d4b0e8b98d382d3a4d914913', 1784522386423, 'Eternal', 8, NULL, 1632, '58ab2ec1-01a8-5c24-bbf9-0ee8d9707a8b', '31ec4fdb-7ce9-5b93-9b39-528610c1eac8');
INSERT INTO song (id, path, content_hash, mtime, name, track_number, disc_number, duration_ms, artist_id, album_id) VALUES ('95374b5a-ba3c-5164-8abb-2b61efc1210d', '/app/media/Abbath/Abbath_FenrirHunts_886445634129_1_6.mp3', 'bb873f8aa1e6a68c0dbc376e3a91f858dd6dbca75553edf63f7ca8363451bc0e', 1784522386423, 'Fenrir Hunts', 6, NULL, 1632, '58ab2ec1-01a8-5c24-bbf9-0ee8d9707a8b', '31ec4fdb-7ce9-5b93-9b39-528610c1eac8');
INSERT INTO song (id, path, content_hash, mtime, name, track_number, disc_number, duration_ms, artist_id, album_id) VALUES ('7570da54-c34e-522e-ac75-1ec7f3a419ff', '/app/media/Abbath/Abbath_NebularRavensWinterBonusTrack_886445634129_1_10.mp3', '4b94cc3878688a86621cc14cee1db95baeac2169a0d84cc20ec4989688c9a69e', 1784522386423, 'Nebular Ravens Winter (Bonus Track)', 10, NULL, 1632, '58ab2ec1-01a8-5c24-bbf9-0ee8d9707a8b', '31ec4fdb-7ce9-5b93-9b39-528610c1eac8');
INSERT INTO song (id, path, content_hash, mtime, name, track_number, disc_number, duration_ms, artist_id, album_id) VALUES ('4650091b-a6fa-5e3f-b49e-9b75e3c89a16', '/app/media/Abbath/Abbath_OceanOfWounds_886445634129_1_4.mp3', '24bc890bac85310bff0bb31ff597e39ab9e97db9be726f8aab57dbdf6c3fa659', 1784522386423, 'Ocean of Wounds', 4, NULL, 1632, '58ab2ec1-01a8-5c24-bbf9-0ee8d9707a8b', '31ec4fdb-7ce9-5b93-9b39-528610c1eac8');
INSERT INTO song (id, path, content_hash, mtime, name, track_number, disc_number, duration_ms, artist_id, album_id) VALUES ('d6398315-4dc5-5d8d-9e0f-ff5f9eb303a0', '/app/media/Abbath/Abbath_RidingOnTheWindBonusTrack_886445634129_1_9.mp3', '469531f3a2b4c932576cdccd3855d4ce3b10670427d320e95b40c2d7180190df', 1784522386423, 'Riding on the Wind (Bonus Track)', 9, NULL, 1632, '58ab2ec1-01a8-5c24-bbf9-0ee8d9707a8b', '31ec4fdb-7ce9-5b93-9b39-528610c1eac8');
INSERT INTO song (id, path, content_hash, mtime, name, track_number, disc_number, duration_ms, artist_id, album_id) VALUES ('11ebc5c1-71a4-52bf-ac79-f65fcf161ab9', '/app/media/Abbath/Abbath_RootOfTheMountain_886445634129_1_7.mp3', 'c54e0932c4bac906376c972ffe6b45b326f277c1ef2c15cac48e9096630a5e09', 1784522386423, 'Root of the Mountain', 7, NULL, 1632, '58ab2ec1-01a8-5c24-bbf9-0ee8d9707a8b', '31ec4fdb-7ce9-5b93-9b39-528610c1eac8');
INSERT INTO song (id, path, content_hash, mtime, name, track_number, disc_number, duration_ms, artist_id, album_id) VALUES ('384b25c8-4b89-5efd-bc59-ef277538f63b', '/app/media/Abbath/Abbath_ToWar_886445634129_1_1.mp3', '19c1a5998e2ab14b5f6565173a678bb190ebddb4c8da2510e2844ee4fafdcb18', 1784522386423, 'To War', 1, NULL, 1632, '58ab2ec1-01a8-5c24-bbf9-0ee8d9707a8b', '31ec4fdb-7ce9-5b93-9b39-528610c1eac8');
INSERT INTO song (id, path, content_hash, mtime, name, track_number, disc_number, duration_ms, artist_id, album_id) VALUES ('d21d9eb2-39bb-5c9d-8515-81aea61b4e7b', '/app/media/Abbath/Abbath_WinterBane_886445634129_1_2.mp3', '75590052c85ae21ea14358ddf2387e20ac43a5f73f38af2f52a996b0ccd5c85d', 1784522386423, 'Winter Bane', 2, NULL, 1632, '58ab2ec1-01a8-5c24-bbf9-0ee8d9707a8b', '31ec4fdb-7ce9-5b93-9b39-528610c1eac8');
INSERT INTO song (id, path, content_hash, mtime, name, track_number, disc_number, duration_ms, artist_id, album_id) VALUES ('766f1b98-5f74-5811-b750-95d17059ffe5', '/app/media/Aephanemer/A Dream Of Wilderness/01 Land Of Hope.mp3', '5290f778e783b101305e4eb1b0bf8e1f65bb681abd630db9b219a6856a34ca75', 1784522386423, 'Land Of Hope', 1, NULL, 1632, '564caf57-817a-5c36-8da5-63d4cff31790', 'adf7e58c-b390-5521-bf4c-bd81dc769d86');
INSERT INTO song (id, path, content_hash, mtime, name, track_number, disc_number, duration_ms, artist_id, album_id) VALUES ('69e89293-45c8-5a43-85a8-126d04cc08cc', '/app/media/Aephanemer/A Dream Of Wilderness/02 Antigone.mp3', '7f5ff10d23bc2cc77a3cde9cc74b6102ff00076f12bbdec3050d3a8f88ee1c30', 1784522386423, 'Antigone', 2, NULL, 1632, '564caf57-817a-5c36-8da5-63d4cff31790', 'adf7e58c-b390-5521-bf4c-bd81dc769d86');
INSERT INTO song (id, path, content_hash, mtime, name, track_number, disc_number, duration_ms, artist_id, album_id) VALUES ('a3c830f6-0d2c-5d15-8750-b8248a3d87f8', '/app/media/Aephanemer/A Dream Of Wilderness/03 Of Volition.mp3', 'f776290852228f687fc59115af74451920822752f46d38eb2593af2f85f92d12', 1784522386423, 'Of Volition', 3, NULL, 1632, '564caf57-817a-5c36-8da5-63d4cff31790', 'adf7e58c-b390-5521-bf4c-bd81dc769d86');
INSERT INTO song (id, path, content_hash, mtime, name, track_number, disc_number, duration_ms, artist_id, album_id) VALUES ('fc72ab1f-1e5b-51b1-bbfc-06ad8ffdd9f7', '/app/media/Aephanemer/A Dream Of Wilderness/04 Le Radeau De La Méduse [English Version].mp3', '73be6b8286b63b615c0bf73ff0615c8d2c362f2f3ccdceae3b3e254906d41362', 1784522386423, 'Le Radeau De La Méduse [English Version]', 4, NULL, 1632, '564caf57-817a-5c36-8da5-63d4cff31790', 'adf7e58c-b390-5521-bf4c-bd81dc769d86');
INSERT INTO song (id, path, content_hash, mtime, name, track_number, disc_number, duration_ms, artist_id, album_id) VALUES ('f6a823da-0578-5d97-a5c6-e0f6d108553b', '/app/media/Aephanemer/A Dream Of Wilderness/05 Roots And Leaves.mp3', '16261127634baf7c754cca73f85847253968be0b11c9f9ddfacc3c03df67c983', 1784522386423, 'Roots And Leaves', 5, NULL, 1632, '564caf57-817a-5c36-8da5-63d4cff31790', 'adf7e58c-b390-5521-bf4c-bd81dc769d86');
INSERT INTO song (id, path, content_hash, mtime, name, track_number, disc_number, duration_ms, artist_id, album_id) VALUES ('fea3dd25-7afe-50b8-a6e4-42db4324efca', '/app/media/Aephanemer/A Dream Of Wilderness/06 Vague À L''Âme.mp3', 'd3808401f71218b9cad24feb69ce0c1b7342ddeb89c88f3bc986c21e074ee115', 1784522386423, 'Vague À L''Âme', 6, NULL, 1632, '564caf57-817a-5c36-8da5-63d4cff31790', 'adf7e58c-b390-5521-bf4c-bd81dc769d86');
INSERT INTO song (id, path, content_hash, mtime, name, track_number, disc_number, duration_ms, artist_id, album_id) VALUES ('8d7b1d51-a523-593b-9c46-971a64f6d0d3', '/app/media/Aephanemer/A Dream Of Wilderness/07 Strider.mp3', '48514a015e1ab25eb29d60c17da064093c719c43151cf7da030ead892b27263b', 1784522386423, 'Strider', 7, NULL, 1632, '564caf57-817a-5c36-8da5-63d4cff31790', 'adf7e58c-b390-5521-bf4c-bd81dc769d86');
INSERT INTO song (id, path, content_hash, mtime, name, track_number, disc_number, duration_ms, artist_id, album_id) VALUES ('d59d9ff1-cf98-5e16-b4b0-e63c419b83d4', '/app/media/Aephanemer/A Dream Of Wilderness/08 Panta Rhei.mp3', '88d9eb9ed06230c73f140e565f42e0792e0ea9e46acbc267453eb75731d885cb', 1784522386423, 'Panta Rhei', 8, NULL, 1632, '564caf57-817a-5c36-8da5-63d4cff31790', 'adf7e58c-b390-5521-bf4c-bd81dc769d86');
INSERT INTO song (id, path, content_hash, mtime, name, track_number, disc_number, duration_ms, artist_id, album_id) VALUES ('d5c7cb83-8237-5a09-b336-ff375b86ba31', '/app/media/Aephanemer/A Dream Of Wilderness/09 A Dream Of Wilderness.mp3', '971aada08bf4c2693e322c10a4e00dbd016e7a32f6a3ededd3c81d60b6c37333', 1784522386433, 'A Dream Of Wilderness', 9, NULL, 1632, '564caf57-817a-5c36-8da5-63d4cff31790', 'adf7e58c-b390-5521-bf4c-bd81dc769d86');
INSERT INTO song (id, path, content_hash, mtime, name, track_number, disc_number, duration_ms, artist_id, album_id) VALUES ('518f5039-ba0b-50cd-afab-5452dc5c4eb8', '/app/media/Aephanemer/A Dream Of Wilderness/10 Old French Song.mp3', '2bc884c4ef68da9ea80b67d15af6395d975d2be19a0425f43b6a1d9bb0ad0171', 1784522386433, 'Old French Song', 10, NULL, 1632, '564caf57-817a-5c36-8da5-63d4cff31790', 'adf7e58c-b390-5521-bf4c-bd81dc769d86');
INSERT INTO song (id, path, content_hash, mtime, name, track_number, disc_number, duration_ms, artist_id, album_id) VALUES ('944c1b25-7a0d-51a4-aa88-a3febe1f86db', '/app/media/Aephanemer/A Dream Of Wilderness/11 Le Radeau De La Méduse [French Version].mp3', '3ff21494504d86850b73d73a5997219ab4200014a77270a565593d8c6e3f92bf', 1784522386433, 'Le Radeau De La Méduse [French Version]', 11, NULL, 1632, '564caf57-817a-5c36-8da5-63d4cff31790', 'adf7e58c-b390-5521-bf4c-bd81dc769d86');
INSERT INTO song (id, path, content_hash, mtime, name, track_number, disc_number, duration_ms, artist_id, album_id) VALUES ('c8773f3c-853d-5388-8138-0618ef88d206', '/app/media/Aephanemer/Aephanemer - Prokopton/Aephanemer - Prokopton - 01 Prokopton.mp3', '1b557429747ad7f039810ed47fae7a5e6d86da5e6db91de05683335a8f36fd13', 1784522386433, 'Prokopton', 1, NULL, 1632, '564caf57-817a-5c36-8da5-63d4cff31790', 'd6da0d83-ef2d-5bc4-a29c-51ec62d4980c');
INSERT INTO song (id, path, content_hash, mtime, name, track_number, disc_number, duration_ms, artist_id, album_id) VALUES ('59c21ce8-a7fe-532b-bc01-857e818b462d', '/app/media/Aephanemer/Aephanemer - Prokopton/Aephanemer - Prokopton - 02 The Sovereign.mp3', 'f1a084493257adf5803ca178852cc5aa5d73ab7b7e2ef12795cc373416ad567a', 1784522386433, 'The Sovereign', 2, NULL, 1632, '564caf57-817a-5c36-8da5-63d4cff31790', 'd6da0d83-ef2d-5bc4-a29c-51ec62d4980c');
INSERT INTO song (id, path, content_hash, mtime, name, track_number, disc_number, duration_ms, artist_id, album_id) VALUES ('91caffbf-6380-5535-a788-32df42332ecf', '/app/media/Aephanemer/Aephanemer - Prokopton/Aephanemer - Prokopton - 03 Dissonance Within.mp3', '3a34311a918478285606051ec1a39819789b92d8576d6aa8925b529dc27b595d', 1784522386433, 'Dissonance Within', 3, NULL, 1632, '564caf57-817a-5c36-8da5-63d4cff31790', 'd6da0d83-ef2d-5bc4-a29c-51ec62d4980c');
INSERT INTO song (id, path, content_hash, mtime, name, track_number, disc_number, duration_ms, artist_id, album_id) VALUES ('a7ba6c58-01e7-52fd-bdd5-261bdf9baef4', '/app/media/Aephanemer/Aephanemer - Prokopton/Aephanemer - Prokopton - 04 Snowblind.mp3', 'ff83f0958a3885e1aa3e5f5c284c43832508e09c715b6ad633393b10309155bb', 1784522386433, 'Snowblind', 4, NULL, 1632, '564caf57-817a-5c36-8da5-63d4cff31790', 'd6da0d83-ef2d-5bc4-a29c-51ec62d4980c');
INSERT INTO song (id, path, content_hash, mtime, name, track_number, disc_number, duration_ms, artist_id, album_id) VALUES ('40e32017-d272-50da-8d85-ee3b3d8364ca', '/app/media/Aephanemer/Aephanemer - Prokopton/Aephanemer - Prokopton - 05 At Eternity''s Gate.mp3', '1ad1c3ca272d1032749dc5984af34ef6c3017f07159b158270ad79d272ca3787', 1784522386433, 'At Eternity''s Gate', 5, NULL, 1632, '564caf57-817a-5c36-8da5-63d4cff31790', 'd6da0d83-ef2d-5bc4-a29c-51ec62d4980c');
INSERT INTO song (id, path, content_hash, mtime, name, track_number, disc_number, duration_ms, artist_id, album_id) VALUES ('5a3a860f-e0e1-52f7-bf24-b27f30e24a35', '/app/media/Aephanemer/Aephanemer - Prokopton/Aephanemer - Prokopton - 06 Back Again.mp3', '9123747c8b6f81abff0bfb7b66c8d31f89fae93fa26281a98ed3a00085d63d44', 1784522386433, 'Back Again', 6, NULL, 1632, '564caf57-817a-5c36-8da5-63d4cff31790', 'd6da0d83-ef2d-5bc4-a29c-51ec62d4980c');
INSERT INTO song (id, path, content_hash, mtime, name, track_number, disc_number, duration_ms, artist_id, album_id) VALUES ('4e26b829-2303-505f-8e82-d35562896166', '/app/media/Aephanemer/Aephanemer - Prokopton/Aephanemer - Prokopton - 07 Bloodline.mp3', 'ae3c9f04f94e4c6389d8a98ac0b72988727d33fe9a4974505714ab2a64285c90', 1784522386433, 'Bloodline', 7, NULL, 1632, '564caf57-817a-5c36-8da5-63d4cff31790', 'd6da0d83-ef2d-5bc4-a29c-51ec62d4980c');
INSERT INTO song (id, path, content_hash, mtime, name, track_number, disc_number, duration_ms, artist_id, album_id) VALUES ('1cda29f6-bef5-5769-bd9f-b5ecbd02fd62', '/app/media/Aephanemer/Aephanemer - Prokopton/Aephanemer - Prokopton - 08 If I Should Die.mp3', 'cc24fd604fd00d4d021c2d66942f849505450bca04656d84fd03b006333d24f3', 1784522386433, 'If I Should Die', 8, NULL, 1632, '564caf57-817a-5c36-8da5-63d4cff31790', 'd6da0d83-ef2d-5bc4-a29c-51ec62d4980c');
INSERT INTO song (id, path, content_hash, mtime, name, track_number, disc_number, duration_ms, artist_id, album_id) VALUES ('d494cb58-3b93-5d96-9eaa-b66cea7c16a7', '/app/media/Aephanemer/Aephanemer - Prokopton/Aephanemer - Prokopton - 09 Prokopton (Instrumental).mp3', '6325913110bf3e37e74735b93b8617c6a04e838372722b41014ed648e1058b00', 1784522386433, 'Prokopton (Instrumental)', 9, NULL, 1632, '564caf57-817a-5c36-8da5-63d4cff31790', 'd6da0d83-ef2d-5bc4-a29c-51ec62d4980c');
INSERT INTO song (id, path, content_hash, mtime, name, track_number, disc_number, duration_ms, artist_id, album_id) VALUES ('8c241a3e-524c-5414-bcee-76a6e066439e', '/app/media/Aephanemer/Aephanemer - Prokopton/Aephanemer - Prokopton - 10 The Sovereign (Instrumental).mp3', '02f2e00846ae3b605ca7f862f5210700c9d44e711606f05a0cd16dcb91ec6f41', 1784522386433, 'The Sovereign (Instrumental)', 10, NULL, 1632, '564caf57-817a-5c36-8da5-63d4cff31790', 'd6da0d83-ef2d-5bc4-a29c-51ec62d4980c');
INSERT INTO song (id, path, content_hash, mtime, name, track_number, disc_number, duration_ms, artist_id, album_id) VALUES ('f85aa716-e15e-5792-bf13-5d826598530e', '/app/media/Aephanemer/Aephanemer - Prokopton/Aephanemer - Prokopton - 11 Dissonance Within (Instrumental).mp3', 'd6c8d3b7164ff57b2198931195dc7bec912ef2337101aa61ba994280a0e9238b', 1784522386433, 'Dissonance Within (Instrumental)', 11, NULL, 1632, '564caf57-817a-5c36-8da5-63d4cff31790', 'd6da0d83-ef2d-5bc4-a29c-51ec62d4980c');
INSERT INTO song (id, path, content_hash, mtime, name, track_number, disc_number, duration_ms, artist_id, album_id) VALUES ('ef923dc6-55c3-5f65-8e99-34bd23e8ae13', '/app/media/Aephanemer/Aephanemer - Prokopton/Aephanemer - Prokopton - 12 Snowblind (Instrumental).mp3', 'cf21299db3f03f8d6166f832058cc90e9135c00d3b3292693b5401c20bdd91a1', 1784522386433, 'Snowblind (Instrumental)', 12, NULL, 1632, '564caf57-817a-5c36-8da5-63d4cff31790', 'd6da0d83-ef2d-5bc4-a29c-51ec62d4980c');
INSERT INTO song (id, path, content_hash, mtime, name, track_number, disc_number, duration_ms, artist_id, album_id) VALUES ('d9701255-8a43-57c9-9063-e941649b2eaf', '/app/media/Aephanemer/Aephanemer - Prokopton/Aephanemer - Prokopton - 13 At Eternity''s Gate (Instrumental).mp3', '0c8bace0ae6670fe5aa83bad077f00d8bcc42b1ef8840ff5179f5c1d1a84938b', 1784522386433, 'At Eternity''s Gate (Instrumental)', 13, NULL, 1632, '564caf57-817a-5c36-8da5-63d4cff31790', 'd6da0d83-ef2d-5bc4-a29c-51ec62d4980c');
INSERT INTO song (id, path, content_hash, mtime, name, track_number, disc_number, duration_ms, artist_id, album_id) VALUES ('5be64c5a-675f-5675-a0cc-f547bf3d713a', '/app/media/Aephanemer/Aephanemer - Prokopton/Aephanemer - Prokopton - 14 Back Again (Instrumental).mp3', '1fe5082460c67fb6220ee297daa424aa6fd64efacbe864b7df2a79d43cff7c28', 1784522386433, 'Back Again (Instrumental)', 14, NULL, 1632, '564caf57-817a-5c36-8da5-63d4cff31790', 'd6da0d83-ef2d-5bc4-a29c-51ec62d4980c');
INSERT INTO song (id, path, content_hash, mtime, name, track_number, disc_number, duration_ms, artist_id, album_id) VALUES ('df66f3cd-295e-5bc9-b99e-1bcabfa30f46', '/app/media/Aephanemer/Aephanemer - Prokopton/Aephanemer - Prokopton - 15 Bloodline (Instrumental).mp3', 'f06838594d56f58100029e2827b5eb0771db44d4d21898fd4353f2a5ad4a7aaa', 1784522386433, 'Bloodline (Instrumental)', 15, NULL, 1632, '564caf57-817a-5c36-8da5-63d4cff31790', 'd6da0d83-ef2d-5bc4-a29c-51ec62d4980c');
INSERT INTO song (id, path, content_hash, mtime, name, track_number, disc_number, duration_ms, artist_id, album_id) VALUES ('cb118789-fe43-56d3-9db5-310439d36f87', '/app/media/Aephanemer/Aephanemer - Prokopton/Aephanemer - Prokopton - 16 If I Should Die (Instrumental).mp3', 'bbc0125e95adfc7a63a3d22609fea212ca0cb95d69a63772a933526d1ee9151c', 1784522386433, 'If I Should Die (Instrumental)', 16, NULL, 1632, '564caf57-817a-5c36-8da5-63d4cff31790', 'd6da0d83-ef2d-5bc4-a29c-51ec62d4980c');
INSERT INTO song (id, path, content_hash, mtime, name, track_number, disc_number, duration_ms, artist_id, album_id) VALUES ('e6a9d27e-49ff-5b02-8f47-0e7595abb281', '/app/media/Aephanemer/Know Thyself/Aephanemer - Know Thyself - 01 Resilience.mp3', 'b361c1630254a65516fce4eef98c88425f3d8c1d3e932c104ff634f3096dc5bb', 1784522386443, 'Resilience', 1, NULL, 1632, '564caf57-817a-5c36-8da5-63d4cff31790', '4dd631ed-2dbc-5603-8e08-18209421bfd1');
INSERT INTO song (id, path, content_hash, mtime, name, track_number, disc_number, duration_ms, artist_id, album_id) VALUES ('15b5e0fb-d7db-5b59-85a7-3335709b4524', '/app/media/Aephanemer/Know Thyself/Aephanemer - Know Thyself - 02 Alive.mp3', 'ea1aaa7cfc607f4b06b26cf864e32d0a25123050557ff957d8edd47acfbb1b9a', 1784522386443, 'Alive', 2, NULL, 1632, '564caf57-817a-5c36-8da5-63d4cff31790', '4dd631ed-2dbc-5603-8e08-18209421bfd1');
INSERT INTO song (id, path, content_hash, mtime, name, track_number, disc_number, duration_ms, artist_id, album_id) VALUES ('786ed21f-8e96-527a-ad59-f6222aec113d', '/app/media/Aephanemer/Know Thyself/Aephanemer - Know Thyself - 03 Who You Really Are.mp3', '1b0190e04fde6b8301ed2dad9b46c94bc54709748ab4463cdf8a7f8b92eae2de', 1784522386443, 'Who You Really Are', 3, NULL, 1632, '564caf57-817a-5c36-8da5-63d4cff31790', '4dd631ed-2dbc-5603-8e08-18209421bfd1');
INSERT INTO song (id, path, content_hash, mtime, name, track_number, disc_number, duration_ms, artist_id, album_id) VALUES ('61c05da6-43ce-568d-9328-6d2f52f9f156', '/app/media/Aephanemer/Know Thyself/Aephanemer - Know Thyself - 04 Path of the Wolf.mp3', '6895360b854e4ff0bbb1b07880f43d5590dfa9c3bef0a92806932fa8ace3a868', 1784522386443, 'Path of the Wolf', 4, NULL, 1632, '564caf57-817a-5c36-8da5-63d4cff31790', '4dd631ed-2dbc-5603-8e08-18209421bfd1');
INSERT INTO song (id, path, content_hash, mtime, name, track_number, disc_number, duration_ms, artist_id, album_id) VALUES ('d024e509-d6b3-5480-ab11-6524a5714aa4', '/app/media/Aephanemer/Know Thyself/Aephanemer - Know Thyself - 05 Inner Storm.mp3', 'd4798e1a4b286efcf3fc0567b4d30d28e5f51cee205660c553aa302423bc939c', 1784522386443, 'Inner Storm', 5, NULL, 1632, '564caf57-817a-5c36-8da5-63d4cff31790', '4dd631ed-2dbc-5603-8e08-18209421bfd1');
INSERT INTO song (id, path, content_hash, mtime, name, track_number, disc_number, duration_ms, artist_id, album_id) VALUES ('f59dd289-3c5b-5176-96ce-505d7512d61e', '/app/media/Aephanemer/Know Thyself/Aephanemer - Know Thyself - 06 Dreams.mp3', '7142650d9d204f55a816d957ec8a0e4efacd9a088cf1dc196681c807875c40d6', 1784522386443, 'Dreams', 6, NULL, 1632, '564caf57-817a-5c36-8da5-63d4cff31790', '4dd631ed-2dbc-5603-8e08-18209421bfd1');
INSERT INTO song (id, path, content_hash, mtime, name, track_number, disc_number, duration_ms, artist_id, album_id) VALUES ('5c6f586f-1b23-5ff6-9934-42d0257ed0eb', '/app/media/Aephanemer/Memento Mori/Aephanemer - Memento Mori - 01 Unstoppable.mp3', 'e303d060f3faf27f4c14362eadaccb3cd1d8b0fd8a7eb4652ad211ae8b8646ac', 1784522386443, 'Unstoppable', 1, NULL, 1632, '564caf57-817a-5c36-8da5-63d4cff31790', '71efeada-ba97-5855-8c0a-b9a480231a1e');
INSERT INTO song (id, path, content_hash, mtime, name, track_number, disc_number, duration_ms, artist_id, album_id) VALUES ('6be3c2c6-c538-53f1-ae0a-f9f758d41c19', '/app/media/Aephanemer/Memento Mori/Aephanemer - Memento Mori - 02 Sisyphus'' Bliss.mp3', 'ba46561f5b6916337b5ab9c97aad1fd691967e052ce57bf5a6d4a770b810f98e', 1784522386443, 'Sisyphus'' Bliss', 2, NULL, 1632, '564caf57-817a-5c36-8da5-63d4cff31790', '71efeada-ba97-5855-8c0a-b9a480231a1e');
INSERT INTO song (id, path, content_hash, mtime, name, track_number, disc_number, duration_ms, artist_id, album_id) VALUES ('13a9b694-0783-57bb-9c96-d2d715ef0c6f', '/app/media/Aephanemer/Memento Mori/Aephanemer - Memento Mori - 03 Hellebore.mp3', '8ae6f32631cf74c5a32d8eafc5a3ab102fb5473b32f902a384fb0338e5c88ea4', 1784522386443, 'Hellebore', 3, NULL, 1632, '564caf57-817a-5c36-8da5-63d4cff31790', '71efeada-ba97-5855-8c0a-b9a480231a1e');
INSERT INTO song (id, path, content_hash, mtime, name, track_number, disc_number, duration_ms, artist_id, album_id) VALUES ('43607728-6aa5-5ff7-bb34-ba5775e4eee0', '/app/media/Aephanemer/Memento Mori/Aephanemer - Memento Mori - 04 The Oathsworn.mp3', '3619deab2cc9ac5da9d38a86e7524b7ab79d3fe4457179d3df20a8440f844aa6', 1784522386443, 'The Oathsworn', 4, NULL, 1632, '564caf57-817a-5c36-8da5-63d4cff31790', '71efeada-ba97-5855-8c0a-b9a480231a1e');
INSERT INTO song (id, path, content_hash, mtime, name, track_number, disc_number, duration_ms, artist_id, album_id) VALUES ('7c911f1d-460b-57ef-b2b5-89977838dc50', '/app/media/Aephanemer/Memento Mori/Aephanemer - Memento Mori - 05 Ghosts.mp3', 'abc61bef4f100a7a687e163c8d309f6996ebc56d4cdcf792697c6b0e776e73e6', 1784522386443, 'Ghosts', 5, NULL, 1632, '564caf57-817a-5c36-8da5-63d4cff31790', '71efeada-ba97-5855-8c0a-b9a480231a1e');
INSERT INTO song (id, path, content_hash, mtime, name, track_number, disc_number, duration_ms, artist_id, album_id) VALUES ('9eb77676-c1f4-5bd3-9bff-e10137d3e87a', '/app/media/Aephanemer/Memento Mori/Aephanemer - Memento Mori - 06 Rage and Forgiveness.mp3', '988b3346753eaad6ad0eae64b7ad8b16d4a7c23a826d792cc6ed540a44197785', 1784522386443, 'Rage and Forgiveness', 6, NULL, 1632, '564caf57-817a-5c36-8da5-63d4cff31790', '71efeada-ba97-5855-8c0a-b9a480231a1e');
INSERT INTO song (id, path, content_hash, mtime, name, track_number, disc_number, duration_ms, artist_id, album_id) VALUES ('cbad8ff8-0c96-5b16-8ec8-e59bd014b42b', '/app/media/Aephanemer/Memento Mori/Aephanemer - Memento Mori - 07 The Call Of The Wild.mp3', '9e9e94eb275d767b98876612ac1a9b8cf683a4e3288161f3af7da8a83e0ee145', 1784522386443, 'The Call Of The Wild', 7, NULL, 1632, '564caf57-817a-5c36-8da5-63d4cff31790', '71efeada-ba97-5855-8c0a-b9a480231a1e');
INSERT INTO song (id, path, content_hash, mtime, name, track_number, disc_number, duration_ms, artist_id, album_id) VALUES ('9e60c194-299a-57b4-8936-69665c2bced9', '/app/media/Aephanemer/Memento Mori/Aephanemer - Memento Mori - 08 Crows.mp3', '3492de91f086f4410012fd0076b64e507c84c6f6f567fdaf3c0229a9a47d6fc2', 1784522386443, 'Crows', 8, NULL, 1632, '564caf57-817a-5c36-8da5-63d4cff31790', '71efeada-ba97-5855-8c0a-b9a480231a1e');
INSERT INTO song (id, path, content_hash, mtime, name, track_number, disc_number, duration_ms, artist_id, album_id) VALUES ('e55d7078-4388-5478-9162-a0843972f834', '/app/media/Aephanemer/Memento Mori/Aephanemer - Memento Mori - 09 Memento Mori.mp3', '43f6859a50738714ea44e15b77202b3478a5d47d5d25f3cfaae98d89d7beb909', 1784522386443, 'Memento Mori', 9, NULL, 1632, '564caf57-817a-5c36-8da5-63d4cff31790', '71efeada-ba97-5855-8c0a-b9a480231a1e');
INSERT INTO song (id, path, content_hash, mtime, name, track_number, disc_number, duration_ms, artist_id, album_id) VALUES ('dd87649e-1ced-528e-a6df-918de400ec12', '/app/media/Aephanemer/Memento Mori/Aephanemer - Memento Mori - 10 Gilgamesh.mp3', 'e8f67a7a994c903af11f58fe7636b7cf18fe3e2f24edd9359483d1f3403e1af3', 1784522386443, 'Gilgamesh', 10, NULL, 1632, '564caf57-817a-5c36-8da5-63d4cff31790', '71efeada-ba97-5855-8c0a-b9a480231a1e');
INSERT INTO song (id, path, content_hash, mtime, name, track_number, disc_number, duration_ms, artist_id, album_id) VALUES ('fdf7110a-13ad-54ac-acf8-38effc18dbcb', '/app/media/Aephanemer/Path of the Wolf - Single/Aephanemer - Path of the Wolf.mp3', '1c20b5cda0ef6673ca36baa315735558fcb166cd4cc6763edff0cdc56ba5b480', 1784522386443, 'Path of the Wolf', NULL, NULL, 1632, '564caf57-817a-5c36-8da5-63d4cff31790', '3d957e89-f879-57e7-a376-61de0c20e55a');
INSERT INTO song (id, path, content_hash, mtime, name, track_number, disc_number, duration_ms, artist_id, album_id) VALUES ('b6c40cfa-17e4-5686-a50e-09683954f5c1', '/app/media/Amon Amarth/Berserker/AmonAmarth_CrackTheSky_39841935721_1_2.mp3', '2d6c934c2e19defb28b1c259d4a1b838a51aff074a4dfb18514b01d37a59bd55', 1784522386453, 'Crack the Sky', 2, NULL, 1632, '7b5b726b-6b30-5c93-9479-37a871e69b31', '2767f160-ff50-5eca-891b-32d7c54fe884');
INSERT INTO song (id, path, content_hash, mtime, name, track_number, disc_number, duration_ms, artist_id, album_id) VALUES ('3b93d7a0-f79a-5526-bc77-144229e92692', '/app/media/Amon Amarth/Berserker/AmonAmarth_FafnersGold_39841935721_1_1.mp3', '9a0d3b532a6ee79ec66fc3da1f8af6cc4871866f14198c1ce2493c09f7864245', 1784522386453, 'Fafner''s Gold', 1, NULL, 1632, '7b5b726b-6b30-5c93-9479-37a871e69b31', '2767f160-ff50-5eca-891b-32d7c54fe884');
INSERT INTO song (id, path, content_hash, mtime, name, track_number, disc_number, duration_ms, artist_id, album_id) VALUES ('e1302c6c-dd2d-5255-a8d9-5f43c4e2fa3b', '/app/media/Amon Amarth/Berserker/AmonAmarth_IntoTheDark_39841935721_1_12.mp3', '903caf3a6491893da91c6ad76fc39fedb256865e43f90fe65dd171a45f3d0eea', 1784522386453, 'Into the Dark', 12, NULL, 1632, '7b5b726b-6b30-5c93-9479-37a871e69b31', '2767f160-ff50-5eca-891b-32d7c54fe884');
INSERT INTO song (id, path, content_hash, mtime, name, track_number, disc_number, duration_ms, artist_id, album_id) VALUES ('b09929ad-b8ad-50fd-88c6-3c3e972b82fc', '/app/media/Amon Amarth/Berserker/AmonAmarth_Ironside_39841935721_1_7.mp3', 'db9e6bbbbca4f1852013800b3642be38e32df58c73ed8702e5d68d0df7ccb02f', 1784522386453, 'Ironside', 7, NULL, 1632, '7b5b726b-6b30-5c93-9479-37a871e69b31', '2767f160-ff50-5eca-891b-32d7c54fe884');
INSERT INTO song (id, path, content_hash, mtime, name, track_number, disc_number, duration_ms, artist_id, album_id) VALUES ('c02b2109-aa73-5e5c-a9ae-e772da5fcd6f', '/app/media/Amon Amarth/Berserker/AmonAmarth_MjolnerHammerOfThor_39841935721_1_3.mp3', '2b519b33718fc21c1647c605615b87d5e4db427c682da31bcb637a3fb3496366', 1784522386453, 'Mjölner, Hammer of Thor', 3, NULL, 1632, '7b5b726b-6b30-5c93-9479-37a871e69b31', '2767f160-ff50-5eca-891b-32d7c54fe884');
INSERT INTO song (id, path, content_hash, mtime, name, track_number, disc_number, duration_ms, artist_id, album_id) VALUES ('7f800b46-8ff0-51d7-8e54-5e0b9c32c968', '/app/media/Amon Amarth/Berserker/AmonAmarth_RavensFlight_39841935721_1_6.mp3', 'f28fc33141c478422bc9edee9d56978dcd71e50d84af4386ca5778a1561d1ad6', 1784522386453, 'Raven''s Flight', 6, NULL, 1632, '7b5b726b-6b30-5c93-9479-37a871e69b31', '2767f160-ff50-5eca-891b-32d7c54fe884');
INSERT INTO song (id, path, content_hash, mtime, name, track_number, disc_number, duration_ms, artist_id, album_id) VALUES ('3263995b-9598-59f3-8a03-823b16d20cb0', '/app/media/Amon Amarth/Berserker/AmonAmarth_ShieldWall_39841935721_1_4.mp3', '670e68c7408eaf8af05a20a76364f725c1ba6a95e26fc6dc70f0a8c94123a761', 1784522386453, 'Shield Wall', 4, NULL, 1632, '7b5b726b-6b30-5c93-9479-37a871e69b31', '2767f160-ff50-5eca-891b-32d7c54fe884');
INSERT INTO song (id, path, content_hash, mtime, name, track_number, disc_number, duration_ms, artist_id, album_id) VALUES ('9d425f1c-24cd-5ee1-bf3f-b26dbe5b1c03', '/app/media/Amon Amarth/Berserker/AmonAmarth_SkollAndHati_39841935721_1_10.mp3', '436d7c12bc2e9df9c61692a587b72bf2d44bce0fa43c8fbb74033a9bb6854a7c', 1784522386453, 'Skoll and Hati', 10, NULL, 1632, '7b5b726b-6b30-5c93-9479-37a871e69b31', '2767f160-ff50-5eca-891b-32d7c54fe884');
INSERT INTO song (id, path, content_hash, mtime, name, track_number, disc_number, duration_ms, artist_id, album_id) VALUES ('bd0c91ae-b421-5926-8d14-e950370d7f4f', '/app/media/Amon Amarth/Berserker/AmonAmarth_TheBerserkerAtStamfordBridge_39841935721_1_8.mp3', '7da4397bdfefd7c0f680b2c8756b3254d94fb786cb01aa77aac59704e932d628', 1784522386453, 'The Berserker at Stamford Bridge', 8, NULL, 1632, '7b5b726b-6b30-5c93-9479-37a871e69b31', '2767f160-ff50-5eca-891b-32d7c54fe884');
INSERT INTO song (id, path, content_hash, mtime, name, track_number, disc_number, duration_ms, artist_id, album_id) VALUES ('89866bbb-9400-5362-95f9-f4fb2fcab0bd', '/app/media/Amon Amarth/Berserker/AmonAmarth_Valkyria_39841935721_1_5.mp3', '399841b0392f8ae6c38e8b3fa2cf019a8e19353a53ed9e4ce7959b42372343e6', 1784522386453, 'Valkyria', 5, NULL, 1632, '7b5b726b-6b30-5c93-9479-37a871e69b31', '2767f160-ff50-5eca-891b-32d7c54fe884');
INSERT INTO song (id, path, content_hash, mtime, name, track_number, disc_number, duration_ms, artist_id, album_id) VALUES ('6960063a-fffb-59c5-bfe8-b4defbd53cf1', '/app/media/Amon Amarth/Berserker/AmonAmarth_WhenOnceAgainWeCanSetOurSails_39841935721_1_9.mp3', '652b409ee3ba2a92cc10fe26b16937ac6f10853360dc413613d251f675c7ef58', 1784522386453, 'When Once Again We Can Set Our Sails', 9, NULL, 1632, '7b5b726b-6b30-5c93-9479-37a871e69b31', '2767f160-ff50-5eca-891b-32d7c54fe884');
INSERT INTO song (id, path, content_hash, mtime, name, track_number, disc_number, duration_ms, artist_id, album_id) VALUES ('93af09f8-d4cc-5bb5-9b12-7e057aeed255', '/app/media/Amon Amarth/Berserker/AmonAmarth_WingsOfEagles_39841935721_1_11.mp3', '5321b39e1e8133d77468f2f1230c737196ba6a1bfd3f13219299a12359c982d1', 1784522386453, 'Wings of Eagles', 11, NULL, 1632, '7b5b726b-6b30-5c93-9479-37a871e69b31', '2767f160-ff50-5eca-891b-32d7c54fe884');
INSERT INTO song (id, path, content_hash, mtime, name, track_number, disc_number, duration_ms, artist_id, album_id) VALUES ('5ce3b0a9-d5b6-5ef2-9792-38c79f6b3d3c', '/app/media/Amon Amarth/Deceiver of the Gods/AmonAmarth_AsLokeFalls_886444054669_1_2.mp3', '80936b9889c5a06b145f5382d2312159559105580709d6528d43dced25976b06', 1784522386453, 'As Loke Falls', 2, NULL, 1632, '7b5b726b-6b30-5c93-9479-37a871e69b31', 'b055493c-ca76-5f9a-93b2-6d4382045d1b');
INSERT INTO song (id, path, content_hash, mtime, name, track_number, disc_number, duration_ms, artist_id, album_id) VALUES ('7b2ed338-1031-5dc1-893c-57fb1d95cdc1', '/app/media/Amon Amarth/Deceiver of the Gods/AmonAmarth_BloodEagle_886444054669_1_6.mp3', '4bedba99c8910b715b6a14ffd282701165c69d5f9497df3c99787263e30ff086', 1784522386453, 'Blood Eagle', 6, NULL, 1632, '7b5b726b-6b30-5c93-9479-37a871e69b31', 'b055493c-ca76-5f9a-93b2-6d4382045d1b');
INSERT INTO song (id, path, content_hash, mtime, name, track_number, disc_number, duration_ms, artist_id, album_id) VALUES ('6a56f7fc-bc39-5f25-8694-ad1d21e1e994', '/app/media/Amon Amarth/Deceiver of the Gods/AmonAmarth_ComingOfTheTide_886444054669_1_9.mp3', '5afdf4ee62a9f1b5d55afc4ce9f753bffb127761daa903710586674b3f876d92', 1784522386453, 'Coming of the Tide', 9, NULL, 1632, '7b5b726b-6b30-5c93-9479-37a871e69b31', 'b055493c-ca76-5f9a-93b2-6d4382045d1b');
INSERT INTO song (id, path, content_hash, mtime, name, track_number, disc_number, duration_ms, artist_id, album_id) VALUES ('0db360ff-b8f8-549e-b9cd-a131f7950c07', '/app/media/Amon Amarth/Deceiver of the Gods/AmonAmarth_DeceiverOfTheGods_886444054669_1_1.mp3', '1322f69ff31727398a2be280978c46605d4b81a85d7cc9677fab40f55f2d890c', 1784522386453, 'Deceiver of the Gods', 1, NULL, 1632, '7b5b726b-6b30-5c93-9479-37a871e69b31', 'b055493c-ca76-5f9a-93b2-6d4382045d1b');
INSERT INTO song (id, path, content_hash, mtime, name, track_number, disc_number, duration_ms, artist_id, album_id) VALUES ('509935bb-9412-5aae-bd62-ba4aff9bb16b', '/app/media/Amon Amarth/Deceiver of the Gods/AmonAmarth_FatherOfTheWolf_886444054669_1_3.mp3', 'ff3028378abd8989ef704d86b1a75fdb09714a33cccbde41d475e3d8fcc55dc5', 1784522386453, 'Father of the Wolf', 3, NULL, 1632, '7b5b726b-6b30-5c93-9479-37a871e69b31', 'b055493c-ca76-5f9a-93b2-6d4382045d1b');
INSERT INTO song (id, path, content_hash, mtime, name, track_number, disc_number, duration_ms, artist_id, album_id) VALUES ('cb7c9b8d-f738-5749-8d01-de31980eabfb', '/app/media/Amon Amarth/Deceiver of the Gods/AmonAmarth_Hel_886444054669_1_8.mp3', '028820827b43f0b56e8b761be7bc7b279ae994d737fd829bc3024eb37adde692', 1784522386453, 'Hel', 8, NULL, 1632, '7b5b726b-6b30-5c93-9479-37a871e69b31', 'b055493c-ca76-5f9a-93b2-6d4382045d1b');
INSERT INTO song (id, path, content_hash, mtime, name, track_number, disc_number, duration_ms, artist_id, album_id) VALUES ('1a2c011f-8f26-5e74-a6d1-8d94f3c0d681', '/app/media/Amon Amarth/Deceiver of the Gods/AmonAmarth_ShapeShifter_886444054669_1_4.mp3', '8345d09cda65432e7416136844200e4485046071b17d66811dbbeab8f3a163a4', 1784522386453, 'Shape Shifter', 4, NULL, 1632, '7b5b726b-6b30-5c93-9479-37a871e69b31', 'b055493c-ca76-5f9a-93b2-6d4382045d1b');
INSERT INTO song (id, path, content_hash, mtime, name, track_number, disc_number, duration_ms, artist_id, album_id) VALUES ('b388339c-1e52-5a3f-b1f5-0f7b671d9dbb', '/app/media/Amon Amarth/Deceiver of the Gods/AmonAmarth_UnderSiege_886444054669_1_5.mp3', 'a12f8c70c0032b4545505757f7a34ad709df360e0996adf7506f118f5ded260c', 1784522386453, 'Under Siege', 5, NULL, 1632, '7b5b726b-6b30-5c93-9479-37a871e69b31', 'b055493c-ca76-5f9a-93b2-6d4382045d1b');
INSERT INTO song (id, path, content_hash, mtime, name, track_number, disc_number, duration_ms, artist_id, album_id) VALUES ('932ec72e-1a04-547e-ae64-01fcb6c978fb', '/app/media/Amon Amarth/Deceiver of the Gods/AmonAmarth_WarriorsOfTheNorth_886444054669_1_10.mp3', 'ecad74ee8a1d4f1281b5e71ae6b306547aee90a1dc3a17c0309c2f3795e86ce7', 1784522386453, 'Warriors of the North', 10, NULL, 1632, '7b5b726b-6b30-5c93-9479-37a871e69b31', 'b055493c-ca76-5f9a-93b2-6d4382045d1b');
INSERT INTO song (id, path, content_hash, mtime, name, track_number, disc_number, duration_ms, artist_id, album_id) VALUES ('a2bf5c6d-cf91-5b8e-87c6-d9d530ac4cbf', '/app/media/Amon Amarth/Deceiver of the Gods/AmonAmarth_WeShallDestroy_886444054669_1_7.mp3', '16d9d0177dbd4fcdc4883b7ac9863a64e72abe471d77ae1031753ed2ee5055b3', 1784522386463, 'We Shall Destroy', 7, NULL, 1632, '7b5b726b-6b30-5c93-9479-37a871e69b31', 'b055493c-ca76-5f9a-93b2-6d4382045d1b');
INSERT INTO song (id, path, content_hash, mtime, name, track_number, disc_number, duration_ms, artist_id, album_id) VALUES ('047a1f36-55eb-57a5-a8d8-f94c1caef19a', '/app/media/Amon Amarth/Jomsviking/AmonAmarth_ADreamThatCannotBe_39841920628_1_10.mp3', '659c2128deeffc2b63992e421d298da02ae2ca85a09b9b3f1e9b1928133dba00', 1784522386463, 'A Dream That Cannot Be', 10, NULL, 1632, '7b5b726b-6b30-5c93-9479-37a871e69b31', '2f51545b-aba6-54f1-aa43-1e5a8c10814c');
INSERT INTO song (id, path, content_hash, mtime, name, track_number, disc_number, duration_ms, artist_id, album_id) VALUES ('067b1d3c-e0a2-5284-864d-fa2ff62d7a60', '/app/media/Amon Amarth/Jomsviking/AmonAmarth_AtDawnsFirstLight_39841920628_1_7.mp3', '7590965f696ee81dd676d9c32aef88559d1cdbd566a7e9ffbd3985a2838a864a', 1784522386463, 'At Dawn''s First Light', 7, NULL, 1632, '7b5b726b-6b30-5c93-9479-37a871e69b31', '2f51545b-aba6-54f1-aa43-1e5a8c10814c');
INSERT INTO song (id, path, content_hash, mtime, name, track_number, disc_number, duration_ms, artist_id, album_id) VALUES ('21319fa3-bd21-58ef-b84e-ba17941e77fb', '/app/media/Amon Amarth/Jomsviking/AmonAmarth_BackOnNorthernShores_39841920628_1_11.mp3', 'c0a6ff002598d888e2868605529108a641db2c88fc07428be5b79f9eaebe2797', 1784522386463, 'Back on Northern Shores', 11, NULL, 1632, '7b5b726b-6b30-5c93-9479-37a871e69b31', '2f51545b-aba6-54f1-aa43-1e5a8c10814c');
INSERT INTO song (id, path, content_hash, mtime, name, track_number, disc_number, duration_ms, artist_id, album_id) VALUES ('b096e6b2-bfd3-5d83-925f-7a006bceec46', '/app/media/Amon Amarth/Jomsviking/AmonAmarth_FirstKill_39841920628_1_1.mp3', '7da297ca1effcb5c736deda54ea18c74a72133f7b546162b50ebc3caf5f34638', 1784522386463, 'First Kill', 1, NULL, 1632, '7b5b726b-6b30-5c93-9479-37a871e69b31', '2f51545b-aba6-54f1-aa43-1e5a8c10814c');
INSERT INTO song (id, path, content_hash, mtime, name, track_number, disc_number, duration_ms, artist_id, album_id) VALUES ('65ef116c-2c12-57df-bc4d-66df5fd24e83', '/app/media/Amon Amarth/Jomsviking/AmonAmarth_OnASeaOfBlood_39841920628_1_3.mp3', '624e36fa4b441a7cbc3ff6acaa69f6d13fad8b2206236587a8a0d1bd7e61fb33', 1784522386463, 'On a Sea of Blood', 3, NULL, 1632, '7b5b726b-6b30-5c93-9479-37a871e69b31', '2f51545b-aba6-54f1-aa43-1e5a8c10814c');
INSERT INTO song (id, path, content_hash, mtime, name, track_number, disc_number, duration_ms, artist_id, album_id) VALUES ('3fb931c1-00b3-50a8-8a32-96e0e4c411c7', '/app/media/Amon Amarth/Jomsviking/AmonAmarth_OneAgainstAll_39841920628_1_4.mp3', 'ef7f07c414ce3951b0f974f0830e223107e13f212d0ed035f3effdfc690b4718', 1784522386463, 'One Against All', 4, NULL, 1632, '7b5b726b-6b30-5c93-9479-37a871e69b31', '2f51545b-aba6-54f1-aa43-1e5a8c10814c');
INSERT INTO song (id, path, content_hash, mtime, name, track_number, disc_number, duration_ms, artist_id, album_id) VALUES ('52413c7c-99e6-563e-a59f-fcd73b3c5f7f', '/app/media/Amon Amarth/Jomsviking/AmonAmarth_OneThousandBurningArrows_39841920628_1_8.mp3', 'a920dac3809ba822a7bf359605096bb66f4b615b055328ab78ce53a62bedfde1', 1784522386463, 'One Thousand Burning Arrows', 8, NULL, 1632, '7b5b726b-6b30-5c93-9479-37a871e69b31', '2f51545b-aba6-54f1-aa43-1e5a8c10814c');
INSERT INTO song (id, path, content_hash, mtime, name, track_number, disc_number, duration_ms, artist_id, album_id) VALUES ('fc94a7e1-885e-5582-9a64-771b696a9e3f', '/app/media/Amon Amarth/Jomsviking/AmonAmarth_RaiseYourHorns_39841920628_1_5.mp3', 'ba5b00e0c464ada0951d82d09d3b0b5d5c376a0824aeefd8bca0a06550e2b176', 1784522386463, 'Raise Your Horns', 5, NULL, 1632, '7b5b726b-6b30-5c93-9479-37a871e69b31', '2f51545b-aba6-54f1-aa43-1e5a8c10814c');
INSERT INTO song (id, path, content_hash, mtime, name, track_number, disc_number, duration_ms, artist_id, album_id) VALUES ('def1fff6-5b4e-5b3f-a2cc-5ce83225a190', '/app/media/Amon Amarth/Jomsviking/AmonAmarth_TheWayOfVikings_39841920628_1_6.mp3', '4fb0d46f7a841878f305a0afae098b0e4076bf0ea52c8c0fcf78cd044a06f81e', 1784522386463, 'The Way of Vikings', 6, NULL, 1632, '7b5b726b-6b30-5c93-9479-37a871e69b31', '2f51545b-aba6-54f1-aa43-1e5a8c10814c');
INSERT INTO song (id, path, content_hash, mtime, name, track_number, disc_number, duration_ms, artist_id, album_id) VALUES ('c7c62efb-2744-5c7a-899b-ca9ef1c6a0fd', '/app/media/Amon Amarth/Jomsviking/AmonAmarth_VengeanceIsMyName_39841920628_1_9.mp3', '4e5e4599e2fdd796bb6b4f86e03ac2689926e062d4550592ef3baf02f9bafc0d', 1784522386463, 'Vengeance Is My Name', 9, NULL, 1632, '7b5b726b-6b30-5c93-9479-37a871e69b31', '2f51545b-aba6-54f1-aa43-1e5a8c10814c');
INSERT INTO song (id, path, content_hash, mtime, name, track_number, disc_number, duration_ms, artist_id, album_id) VALUES ('4e2475ea-abff-5dc1-a93f-d0cd84131867', '/app/media/Amon Amarth/Jomsviking/AmonAmarth_Wanderer_39841920628_1_2.mp3', '0482dfa5b861326d23e3185f3c202c567eccc2ceb940ae4d3bcb3592bbb28746', 1784522386463, 'Wanderer', 2, NULL, 1632, '7b5b726b-6b30-5c93-9479-37a871e69b31', '2f51545b-aba6-54f1-aa43-1e5a8c10814c');
INSERT INTO song (id, path, content_hash, mtime, name, track_number, disc_number, duration_ms, artist_id, album_id) VALUES ('303e7fe6-ce83-54d5-aa48-7f2d02e0d668', '/app/media/Amon Amarth/Surtur Rising/AmonAmarth_ABeastAmI_360500-01-009_mp3_256k.mp3', '96ae583d53c03cc1c37eda87d046902824332f42a7257820cfcea90d35cbabc8', 1784522386463, 'A Beast Am I', 9, NULL, 1632, '7b5b726b-6b30-5c93-9479-37a871e69b31', 'e9294cb4-ff65-59ce-83bb-80ca3130f1ef');
INSERT INTO song (id, path, content_hash, mtime, name, track_number, disc_number, duration_ms, artist_id, album_id) VALUES ('69478e96-6357-5128-a10a-3f18f85ee572', '/app/media/Amon Amarth/Surtur Rising/AmonAmarth_Aerials_360500-01-011_mp3_256k.mp3', 'a3d04c7f477abcdedc0347a713b0a78f08f8ee5494938c4fd368a99fbc23286e', 1784522386473, 'Aerials', 11, NULL, 1632, '7b5b726b-6b30-5c93-9479-37a871e69b31', 'e9294cb4-ff65-59ce-83bb-80ca3130f1ef');
INSERT INTO song (id, path, content_hash, mtime, name, track_number, disc_number, duration_ms, artist_id, album_id) VALUES ('b0024106-4216-59ab-9f9e-5bca2bfc356e', '/app/media/Amon Amarth/Surtur Rising/AmonAmarth_DestroyerOfTheUniverse_360500-01-003_mp3_256k.mp3', 'bb8136ae7b053de2f75b803aae2024b96e4604c8dfe91cc2ae408d2fe44cbef0', 1784522386473, 'Destroyer of the Universe', 3, NULL, 1632, '7b5b726b-6b30-5c93-9479-37a871e69b31', 'e9294cb4-ff65-59ce-83bb-80ca3130f1ef');
INSERT INTO song (id, path, content_hash, mtime, name, track_number, disc_number, duration_ms, artist_id, album_id) VALUES ('b3fbab10-bbb5-5520-bc8b-3c365d5b7b86', '/app/media/Amon Amarth/Surtur Rising/AmonAmarth_DoomOverDeadMan_360500-01-010_mp3_256k.mp3', 'fc51a23c1677505b2dfa90dd6d8519ebce496b91c74ebd42cd9335c6b52b28d7', 1784522386473, 'Doom Over Dead Man', 10, NULL, 1632, '7b5b726b-6b30-5c93-9479-37a871e69b31', 'e9294cb4-ff65-59ce-83bb-80ca3130f1ef');
INSERT INTO song (id, path, content_hash, mtime, name, track_number, disc_number, duration_ms, artist_id, album_id) VALUES ('47f128b7-264b-5af1-ac32-0a247d1a1f4e', '/app/media/Amon Amarth/Surtur Rising/AmonAmarth_ForVictoryOrDeath_360500-01-007_mp3_256k.mp3', '9fd08d56a30d72e4d2d922f99baf18e528ada92b12d8725486d5f969c6340b52', 1784522386473, 'For Victory or Death', 7, NULL, 1632, '7b5b726b-6b30-5c93-9479-37a871e69b31', 'e9294cb4-ff65-59ce-83bb-80ca3130f1ef');
INSERT INTO song (id, path, content_hash, mtime, name, track_number, disc_number, duration_ms, artist_id, album_id) VALUES ('c660d995-17e3-5d5c-b89a-d8e558c224a4', '/app/media/Amon Amarth/Surtur Rising/AmonAmarth_LiveWithoutRegrets_360500-01-005_mp3_256k.mp3', 'a36e19d6b1daa5d03841cb3820655a9999e4d84ddd08863ac53164ec3100f858', 1784522386473, 'Live Without Regrets', 5, NULL, 1632, '7b5b726b-6b30-5c93-9479-37a871e69b31', 'e9294cb4-ff65-59ce-83bb-80ca3130f1ef');
INSERT INTO song (id, path, content_hash, mtime, name, track_number, disc_number, duration_ms, artist_id, album_id) VALUES ('a7de12ed-8a34-5e7d-90f1-55c5eeffa3db', '/app/media/Amon Amarth/Surtur Rising/AmonAmarth_TheLastStandOfFrej_360500-01-006_mp3_256k.mp3', '4fbc1efdb2898a37cd05f5bf4fe1af2bba1fd58a5570e1b090f977d94a34a46b', 1784522386473, 'The Last Stand of Frej', 6, NULL, 1632, '7b5b726b-6b30-5c93-9479-37a871e69b31', 'e9294cb4-ff65-59ce-83bb-80ca3130f1ef');
INSERT INTO song (id, path, content_hash, mtime, name, track_number, disc_number, duration_ms, artist_id, album_id) VALUES ('644e4bd4-a831-5325-91e0-2f6c0724306b', '/app/media/Amon Amarth/Surtur Rising/AmonAmarth_TocksTauntLokesTreacheryPartII_360500-01-002_mp3_256k.mp3', 'c4f42e610868d0775b625658d0eccef9f148c0bfb1595b6548dbd72039a5ae8c', 1784522386473, 'Tock''s Taunt - Loke''s Treachery Part II', 2, NULL, 1632, '7b5b726b-6b30-5c93-9479-37a871e69b31', 'e9294cb4-ff65-59ce-83bb-80ca3130f1ef');
INSERT INTO song (id, path, content_hash, mtime, name, track_number, disc_number, duration_ms, artist_id, album_id) VALUES ('3e11ab4a-94f5-584b-8fc5-d020db1e54de', '/app/media/Amon Amarth/Surtur Rising/AmonAmarth_WarOfTheGods_360500-01-001_mp3_256k.mp3', '1974bdfc1b598c26e42371d940aa24816589f256944eea8df004d60bc01c921a', 1784522386473, 'War of the Gods', 1, NULL, 1632, '7b5b726b-6b30-5c93-9479-37a871e69b31', 'e9294cb4-ff65-59ce-83bb-80ca3130f1ef');
INSERT INTO song (id, path, content_hash, mtime, name, track_number, disc_number, duration_ms, artist_id, album_id) VALUES ('eb92561e-739a-5846-a156-4ef5d1ee8418', '/app/media/Amon Amarth/Surtur Rising/AmonAmarth_WrathOfTheNorsemen_360500-01-008_mp3_256k.mp3', 'afc92211ae3fd0717c72b20024b537d3fbebac39ba682c87f8133ac6d67fed6e', 1784522386473, 'Wrath of the Norsemen', 8, NULL, 1632, '7b5b726b-6b30-5c93-9479-37a871e69b31', 'e9294cb4-ff65-59ce-83bb-80ca3130f1ef');
INSERT INTO song (id, path, content_hash, mtime, name, track_number, disc_number, duration_ms, artist_id, album_id) VALUES ('3ba4124d-041d-5636-bd9d-0e05e49aa850', '/app/media/Amon Amarth/The Fate of Norns/AmonAmarth_AnAncientSignOfComingStorm_888880691798_1_1.mp3', 'a53912ebd1db7df249fb936ff3680259879401588d560ebddd3a778342c17e76', 1784522386473, 'An Ancient Sign Of Coming Storm', 1, NULL, 1632, '7b5b726b-6b30-5c93-9479-37a871e69b31', '80baf040-cd02-5578-a1f5-d52b061d29bf');
INSERT INTO song (id, path, content_hash, mtime, name, track_number, disc_number, duration_ms, artist_id, album_id) VALUES ('a0f24cac-cba9-5f4c-9da3-141dfba5c091', '/app/media/Amon Amarth/The Fate of Norns/AmonAmarth_Arson_888880691798_1_7.mp3', '09d37edb67a5344f301de242c9817a30d058a63ee97bbb5c53838a541a4ef668', 1784522386473, 'Arson', 7, NULL, 1632, '7b5b726b-6b30-5c93-9479-37a871e69b31', '80baf040-cd02-5578-a1f5-d52b061d29bf');
INSERT INTO song (id, path, content_hash, mtime, name, track_number, disc_number, duration_ms, artist_id, album_id) VALUES ('ed0eae83-40df-5e01-b2ac-922c1d8628d6', '/app/media/Amon Amarth/The Fate of Norns/AmonAmarth_FateOfNorns_888880691798_1_3.mp3', 'e0b472df07ed523712d376eab12d879eec25f55d21ae9026337fb1b493711ac3', 1784522386473, 'Fate Of Norns', 3, NULL, 1632, '7b5b726b-6b30-5c93-9479-37a871e69b31', '80baf040-cd02-5578-a1f5-d52b061d29bf');
INSERT INTO song (id, path, content_hash, mtime, name, track_number, disc_number, duration_ms, artist_id, album_id) VALUES ('fc38300d-1d67-5b1b-a853-948eed60f5cc', '/app/media/Amon Amarth/The Fate of Norns/AmonAmarth_OnceSealedInBlood_888880691798_1_8.mp3', '0cd894c6e7e36132842c026ee655b457000080e373d7101a1b734e64f8d1a080', 1784522386473, 'Once Sealed In Blood', 8, NULL, 1632, '7b5b726b-6b30-5c93-9479-37a871e69b31', '80baf040-cd02-5578-a1f5-d52b061d29bf');
INSERT INTO song (id, path, content_hash, mtime, name, track_number, disc_number, duration_ms, artist_id, album_id) VALUES ('2491c6c1-738e-57fb-9af5-2533545d8240', '/app/media/Amon Amarth/The Fate of Norns/AmonAmarth_TheBeheadingOfAKing_888880691798_1_6.mp3', '0a65723b7ab511e64acb2d6d9733b59f95ab8c5f0c198311ba97bbe33bff2f1f', 1784522386473, 'The Beheading Of A King', 6, NULL, 1632, '7b5b726b-6b30-5c93-9479-37a871e69b31', '80baf040-cd02-5578-a1f5-d52b061d29bf');
INSERT INTO song (id, path, content_hash, mtime, name, track_number, disc_number, duration_ms, artist_id, album_id) VALUES ('cf10d3ae-556a-5134-8013-1b0569a48280', '/app/media/Amon Amarth/The Fate of Norns/AmonAmarth_ThePursuitOfVikings_888880691798_1_4.mp3', '9f9952bc561b3b3e965a691483408506e64476d00651586704bec74f150b3781', 1784522386473, 'The Pursuit Of Vikings', 4, NULL, 1632, '7b5b726b-6b30-5c93-9479-37a871e69b31', '80baf040-cd02-5578-a1f5-d52b061d29bf');
INSERT INTO song (id, path, content_hash, mtime, name, track_number, disc_number, duration_ms, artist_id, album_id) VALUES ('247337a9-ae47-539b-b05a-78213e139f28', '/app/media/Amon Amarth/The Fate of Norns/AmonAmarth_ValkyriesRide_888880691798_1_5.mp3', '598cd3c8d0b4b182255fdc1b72a06d7e0436bef79d4123224b10f625cc9b2478', 1784522386473, 'Valkyries Ride', 5, NULL, 1632, '7b5b726b-6b30-5c93-9479-37a871e69b31', '80baf040-cd02-5578-a1f5-d52b061d29bf');
INSERT INTO song (id, path, content_hash, mtime, name, track_number, disc_number, duration_ms, artist_id, album_id) VALUES ('008b061e-8528-5e19-acfe-8e5bc0fabf34', '/app/media/Amon Amarth/The Fate of Norns/AmonAmarth_WhereDeathSeemsToDwell_888880691798_1_2.mp3', '9d1e956a2982e0be9ccd7b80dc9f09331766f8b72d4551bdee88176434fe6e71', 1784522386473, 'Where Death Seems To Dwell', 2, NULL, 1632, '7b5b726b-6b30-5c93-9479-37a871e69b31', '80baf040-cd02-5578-a1f5-d52b061d29bf');
INSERT INTO song (id, path, content_hash, mtime, name, track_number, disc_number, duration_ms, artist_id, album_id) VALUES ('7056721a-cf51-55b0-af7f-5e5befafc789', '/app/media/Amon Amarth/Twilight of the Thunder God/AmonAmarth_EmbraceTheEndlessOcean_367022-01-010_mp3_256k.mp3', 'f4228432cae154117fc34e6e7ca715b0e142d8be97cbb57cc20e52ead505da7c', 1784522386473, 'Embrace The Endless Ocean', 10, NULL, 1632, '7b5b726b-6b30-5c93-9479-37a871e69b31', 'a08a0c33-1d2b-527f-a117-d0dbc4a2ad00');
INSERT INTO song (id, path, content_hash, mtime, name, track_number, disc_number, duration_ms, artist_id, album_id) VALUES ('c22be6c7-6775-537b-a309-b8ec0a236b36', '/app/media/Amon Amarth/Twilight of the Thunder God/AmonAmarth_FreeWillSacrifice_367022-01-002_mp3_256k.mp3', '35d3cc9613bd1ed99bd92b2f1c7344739324f77ff59ff3462fd2658973192ad9', 1784522386473, 'Free Will Sacrifice', 2, NULL, 1632, '7b5b726b-6b30-5c93-9479-37a871e69b31', 'a08a0c33-1d2b-527f-a117-d0dbc4a2ad00');
INSERT INTO song (id, path, content_hash, mtime, name, track_number, disc_number, duration_ms, artist_id, album_id) VALUES ('5f4064ba-68ee-511f-af5f-dd55246634b6', '/app/media/Amon Amarth/Twilight of the Thunder God/AmonAmarth_GuardiansOfAsgaard_367022-01-003_mp3_256k.mp3', 'f0b135feab5df0e7b5659cd35a6f07d921be8defa4728e7ab731e53051b6ac34', 1784522386473, 'Guardians Of Asgaard', 3, NULL, 1632, '7b5b726b-6b30-5c93-9479-37a871e69b31', 'a08a0c33-1d2b-527f-a117-d0dbc4a2ad00');
INSERT INTO song (id, path, content_hash, mtime, name, track_number, disc_number, duration_ms, artist_id, album_id) VALUES ('110fd3f9-3385-5382-98bd-7b7cbaa21e58', '/app/media/Amon Amarth/Twilight of the Thunder God/AmonAmarth_LiveForTheKill_367022-01-009_mp3_256k.mp3', '11399d60b200da1cf2f04a9d0f47d98112bd178dc042e486f8c6175ab4d5e84b', 1784522386473, 'Live For The Kill', 9, NULL, 1632, '7b5b726b-6b30-5c93-9479-37a871e69b31', 'a08a0c33-1d2b-527f-a117-d0dbc4a2ad00');
INSERT INTO song (id, path, content_hash, mtime, name, track_number, disc_number, duration_ms, artist_id, album_id) VALUES ('745f8bf1-c60a-5b92-9a9c-366414be1147', '/app/media/Amon Amarth/Twilight of the Thunder God/AmonAmarth_NoFearForTheSettingSun_367022-01-007_mp3_256k.mp3', 'bf166aa3e78eef073286971086c90798e80332ded3cc8e900dcc2ff65cd32eba', 1784522386473, 'No Fear For The Setting Sun', 7, NULL, 1632, '7b5b726b-6b30-5c93-9479-37a871e69b31', 'a08a0c33-1d2b-527f-a117-d0dbc4a2ad00');
INSERT INTO song (id, path, content_hash, mtime, name, track_number, disc_number, duration_ms, artist_id, album_id) VALUES ('9deb1607-1661-5567-8dcf-02c2c2bbd74c', '/app/media/Amon Amarth/Twilight of the Thunder God/AmonAmarth_TatteredBannersAndBloodyFlags_367022-01-006_mp3_256k.mp3', '510788a7f27dea840803e0a5f48bebcb21f9c57d44aa39b1641f02df53023985', 1784522386473, 'Tattered Banners And Bloody Flags', 6, NULL, 1632, '7b5b726b-6b30-5c93-9479-37a871e69b31', 'a08a0c33-1d2b-527f-a117-d0dbc4a2ad00');
INSERT INTO song (id, path, content_hash, mtime, name, track_number, disc_number, duration_ms, artist_id, album_id) VALUES ('667a5c96-e501-51af-9210-c1da1d77b20c', '/app/media/Amon Amarth/Twilight of the Thunder God/AmonAmarth_TheHero_367022-01-008_mp3_256k.mp3', 'fab58b0a60f4d6ae8d80c8ae10644eecae427fd963344ea92fe17fb26a308f9c', 1784522386473, 'The Hero', 8, NULL, 1632, '7b5b726b-6b30-5c93-9479-37a871e69b31', 'a08a0c33-1d2b-527f-a117-d0dbc4a2ad00');
INSERT INTO song (id, path, content_hash, mtime, name, track_number, disc_number, duration_ms, artist_id, album_id) VALUES ('0e3bc43f-2ef4-5a10-a4f2-12139c7e424b', '/app/media/Amon Amarth/Twilight of the Thunder God/AmonAmarth_TwilightOfTheThunderGod_367022-01-001_mp3_256k.mp3', '9624095686b75c4bb9dfaf3ee991ad674735b400cde8cb0e313bf3232c843920', 1784522386473, 'Twilight Of The Thunder God', 1, NULL, 1632, '7b5b726b-6b30-5c93-9479-37a871e69b31', 'a08a0c33-1d2b-527f-a117-d0dbc4a2ad00');
INSERT INTO song (id, path, content_hash, mtime, name, track_number, disc_number, duration_ms, artist_id, album_id) VALUES ('0713d73f-255e-59f7-ad4a-5e6a19cb40d0', '/app/media/Amon Amarth/Twilight of the Thunder God/AmonAmarth_VaryagsOfMiklagaard_367022-01-005_mp3_256k.mp3', '5cbec2ad51dc357c2add567c616d9069ec89ff530c47c46695e3277fe231be33', 1784522386473, 'Varyags Of Miklagaard', 5, NULL, 1632, '7b5b726b-6b30-5c93-9479-37a871e69b31', 'a08a0c33-1d2b-527f-a117-d0dbc4a2ad00');
INSERT INTO song (id, path, content_hash, mtime, name, track_number, disc_number, duration_ms, artist_id, album_id) VALUES ('b0168d4a-f011-510d-984a-fd0eef790a85', '/app/media/Amon Amarth/Twilight of the Thunder God/AmonAmarth_WhereIsYourGod_367022-01-004_mp3_256k.mp3', '2d6423efabf3ca3be1c5850addd1ef3b38efb472d340831e8cee2d0ca5c249e2', 1784522386473, 'Where Is Your God?', 4, NULL, 1632, '7b5b726b-6b30-5c93-9479-37a871e69b31', 'a08a0c33-1d2b-527f-a117-d0dbc4a2ad00');
INSERT INTO song (id, path, content_hash, mtime, name, track_number, disc_number, duration_ms, artist_id, album_id) VALUES ('18d87d40-7c2e-59ff-ae31-73012a76866b', '/app/media/Amon Amarth/With Oden On Our Side/AmonAmarth_Asator_39841458428_1_3.mp3', '0f3fac6ea7b5deb203a17d3f243dc278910f50ac448d1561007dae09ae2598e9', 1784522386483, 'Asator', 3, NULL, 1632, '7b5b726b-6b30-5c93-9479-37a871e69b31', 'f8e91e7d-8999-5656-9bec-43999f316272');
INSERT INTO song (id, path, content_hash, mtime, name, track_number, disc_number, duration_ms, artist_id, album_id) VALUES ('2c04c588-db3a-50d2-8327-3b186f1cb92a', '/app/media/Amon Amarth/With Oden On Our Side/AmonAmarth_CryOfTheBlackBirds_39841458428_1_7.mp3', 'b9237e9f5e5e8b56c9acf9cb2e9b85b63fb2261a006814bc1ca6fbb092fe9d90', 1784522386483, 'Cry Of The Black Birds', 7, NULL, 1632, '7b5b726b-6b30-5c93-9479-37a871e69b31', 'f8e91e7d-8999-5656-9bec-43999f316272');
INSERT INTO song (id, path, content_hash, mtime, name, track_number, disc_number, duration_ms, artist_id, album_id) VALUES ('f27f2631-981f-59d5-b0f6-83cbaa9fcd6f', '/app/media/Amon Amarth/With Oden On Our Side/AmonAmarth_GodsOfWarArise_39841458428_1_5.mp3', '52a2dc20a3bfe2b6e2871a10ba2d0b144516817d72f7b51bec6c775af5a6e107', 1784522386483, 'Gods Of War Arise', 5, NULL, 1632, '7b5b726b-6b30-5c93-9479-37a871e69b31', 'f8e91e7d-8999-5656-9bec-43999f316272');
INSERT INTO song (id, path, content_hash, mtime, name, track_number, disc_number, duration_ms, artist_id, album_id) VALUES ('52ec7a6d-9cd8-5d0c-967f-f6e5eb92115a', '/app/media/Amon Amarth/With Oden On Our Side/AmonAmarth_HermodsRideToHelLokesTreacheryPart1_39841458428_1_4.mp3', 'e3cc6c43c613b03aa5d2d412749e5c0a92a83e56a79dd4bd5df6e8b1589d5157', 1784522386483, 'Hermod''s Ride To Hel - Lokes Treachery Part 1', 4, NULL, 1632, '7b5b726b-6b30-5c93-9479-37a871e69b31', 'f8e91e7d-8999-5656-9bec-43999f316272');
INSERT INTO song (id, path, content_hash, mtime, name, track_number, disc_number, duration_ms, artist_id, album_id) VALUES ('346d44c6-2895-536d-951e-bd2c88dc001e', '/app/media/Amon Amarth/With Oden On Our Side/AmonAmarth_PredictionOfWarfare_39841458428_1_9.mp3', '86ca4703d10936401bcec9486c83c49648ee7cb18e0a614b3344577b7dbe93f6', 1784522386483, 'Prediction Of Warfare', 9, NULL, 1632, '7b5b726b-6b30-5c93-9479-37a871e69b31', 'f8e91e7d-8999-5656-9bec-43999f316272');
INSERT INTO song (id, path, content_hash, mtime, name, track_number, disc_number, duration_ms, artist_id, album_id) VALUES ('6d9132bb-bd7a-5a7d-a031-b6e4d8d1a23b', '/app/media/Amon Amarth/With Oden On Our Side/AmonAmarth_RunesToMyMemory_39841458428_1_2.mp3', '5648465db613a604f233e7faaac495902fb5625a05d022931ef3c8eeda784898', 1784522386483, 'Runes To My Memory', 2, NULL, 1632, '7b5b726b-6b30-5c93-9479-37a871e69b31', 'f8e91e7d-8999-5656-9bec-43999f316272');
INSERT INTO song (id, path, content_hash, mtime, name, track_number, disc_number, duration_ms, artist_id, album_id) VALUES ('5564c17e-6e98-51d1-a819-317db1695b8f', '/app/media/Amon Amarth/With Oden On Our Side/AmonAmarth_UnderTheNorthernStar_39841458428_1_8.mp3', '85abf8c98d4f2203572c0602eea601784b2c5094be5a458bfbf5e2c376e4122e', 1784522386483, 'Under The Northern Star', 8, NULL, 1632, '7b5b726b-6b30-5c93-9479-37a871e69b31', 'f8e91e7d-8999-5656-9bec-43999f316272');
INSERT INTO song (id, path, content_hash, mtime, name, track_number, disc_number, duration_ms, artist_id, album_id) VALUES ('5396f61e-b79d-5276-9457-686d76adcb9e', '/app/media/Amon Amarth/With Oden On Our Side/AmonAmarth_ValhallAwaitsMe_39841458428_1_1.mp3', '6bef5ea422382bbfb29a9a9821314f84e105e1ffdda30dfb713afc6eb833910b', 1784522386483, 'Valhall Awaits Me', 1, NULL, 1632, '7b5b726b-6b30-5c93-9479-37a871e69b31', 'f8e91e7d-8999-5656-9bec-43999f316272');
INSERT INTO song (id, path, content_hash, mtime, name, track_number, disc_number, duration_ms, artist_id, album_id) VALUES ('d5807d68-780d-5af2-ad10-45211e6311b5', '/app/media/Amon Amarth/With Oden On Our Side/AmonAmarth_WithOdenOnOurSide_39841458428_1_6.mp3', 'a46da8837cb5112c74787c1f1aee1d7cdbd22a19c21b58353ece5e293016842a', 1784522386483, 'With Oden On Our Side', 6, NULL, 1632, '7b5b726b-6b30-5c93-9479-37a871e69b31', 'f8e91e7d-8999-5656-9bec-43999f316272');
INSERT INTO song (id, path, content_hash, mtime, name, track_number, disc_number, duration_ms, artist_id, album_id) VALUES ('c51e057d-7a98-5c8f-898d-7d82437f2035', '/app/media/Fake Album/song with no album.mp3', '1b90c9d94808daad693e0a2acb52ab22635e7bef15123d63cee810f58f0cb622', 1784522386483, 'song with no album', 3, NULL, 1632, '2710c620-6653-5cbd-ba83-0e8d0160bf48', NULL);
INSERT INTO song (id, path, content_hash, mtime, name, track_number, disc_number, duration_ms, artist_id, album_id) VALUES ('3a3f66bf-ce2d-512c-871e-b3818e06fb47', '/app/media/Fake Album/song with no artist or album.mp3', 'ecbb442fb1ca15b4832a1b67418efbdab8620ac1f7173c598b8d18be54cb3960', 1784522386483, 'song with no artist or album', 2, NULL, 1632, NULL, NULL);
INSERT INTO song (id, path, content_hash, mtime, name, track_number, disc_number, duration_ms, artist_id, album_id) VALUES ('3d3679e5-462e-5685-9d8b-9cef2fb3cb1f', '/app/media/Fake Album/song with no artist.mp3', '1e1c9334cc752aed8224602d6c38c1e91ef37f021762ed5e15ec19583c6a190f', 1784522386483, 'song with no artist', 2, NULL, 1632, NULL, 'b9a20304-1639-506f-9860-03e513a11c89');
INSERT INTO song (id, path, content_hash, mtime, name, track_number, disc_number, duration_ms, artist_id, album_id) VALUES ('e05a1be2-2c05-5d1a-9e99-e5b10d49f37b', '/app/media/Fake Album/song with no name.mp3', 'aa146e3437be301b02305dcc7e128fa18041f31f9b119fac17ee01b2384fc453', 1784522386483, NULL, 2, NULL, 1632, '2710c620-6653-5cbd-ba83-0e8d0160bf48', 'aa2f9138-5464-55f2-af6d-44824599dc17');
INSERT INTO song (id, path, content_hash, mtime, name, track_number, disc_number, duration_ms, artist_id, album_id) VALUES ('8784e6eb-2679-5997-9efe-c9f8ad1243c7', '/app/media/Sabaton/Angels Calling (feat. Apocalyptica)/Sabaton - Angels Calling (feat. Apocalyptica) - 01 Angels Calling (feat. Apocalyptica).mp3', 'e204ea5746f5498541e34eaf6f2ef93085ee65c7062c4595a3228f4ce97eefe0', 1784522386483, 'Angels Calling (feat. Apocalyptica)', 1, NULL, 1632, '14a147fa-ea86-5149-b418-ae65d1e9445e', 'c6bc4ff0-aa47-5054-a541-33b0bb1f006d');
INSERT INTO song (id, path, content_hash, mtime, name, track_number, disc_number, duration_ms, artist_id, album_id) VALUES ('09559c65-7dac-506a-a064-6051cc5f4f76', '/app/media/Sabaton/Art of War/Sabaton_401_885686287613_1_4.mp3', 'e858cd12e565d7245d8fbae0667030239535349bf436baecdd20101136be580a', 1784522386493, '40:1', 4, NULL, 1632, '14a147fa-ea86-5149-b418-ae65d1e9445e', '931749bf-096d-531c-9e66-22f86684da49');
INSERT INTO song (id, path, content_hash, mtime, name, track_number, disc_number, duration_ms, artist_id, album_id) VALUES ('18a87ae7-4aef-5075-8caf-9fc797e296e9', '/app/media/Sabaton/Art of War/Sabaton_ASecret_885686287613_1_13.mp3', 'ccaf1e551c2dff4e97bc6979a98f7e4fd149f0af324d4f7255b5b072b9a8ac27', 1784522386493, 'A Secret', 13, NULL, 1632, '14a147fa-ea86-5149-b418-ae65d1e9445e', '931749bf-096d-531c-9e66-22f86684da49');
INSERT INTO song (id, path, content_hash, mtime, name, track_number, disc_number, duration_ms, artist_id, album_id) VALUES ('c400b083-d114-5531-a1a3-0d57a4f93261', '/app/media/Sabaton/Art of War/Sabaton_ArtOfWarPreProductionDemos_885686287613_1_16.mp3', '3c3968b97e63cf0631ce9ab6e940293c947c7bf13dfbbe130a9d98e8dd9c38ab', 1784522386493, 'Art Of War (Pre Production Demos)', 16, NULL, 1632, '14a147fa-ea86-5149-b418-ae65d1e9445e', '931749bf-096d-531c-9e66-22f86684da49');
INSERT INTO song (id, path, content_hash, mtime, name, track_number, disc_number, duration_ms, artist_id, album_id) VALUES ('1f826b17-76da-5cfa-96ef-72b2f70ee128', '/app/media/Sabaton/Art of War/Sabaton_CliffsOfGallipoli_885686287613_1_7.mp3', '6aef0036c36e1cb57db84438e421ae5fa4adfac23d9d7d214b1cd050e1f0bc6e', 1784522386493, 'Cliffs Of Gallipoli', 7, NULL, 1632, '14a147fa-ea86-5149-b418-ae65d1e9445e', '931749bf-096d-531c-9e66-22f86684da49');
INSERT INTO song (id, path, content_hash, mtime, name, track_number, disc_number, duration_ms, artist_id, album_id) VALUES ('a4238aad-d78d-55a2-a5a0-ed2ecb59a103', '/app/media/Sabaton/Art of War/Sabaton_Firestorm_885686287613_1_12.mp3', 'bf2ae077984f904421241933f9f405c75d2430972474ea4d06d5205900a1b869', 1784522386493, 'Firestorm', 12, NULL, 1632, '14a147fa-ea86-5149-b418-ae65d1e9445e', '931749bf-096d-531c-9e66-22f86684da49');
INSERT INTO song (id, path, content_hash, mtime, name, track_number, disc_number, duration_ms, artist_id, album_id) VALUES ('5e6a5373-6ca0-53c8-9237-42328e60bc26', '/app/media/Sabaton/Art of War/Sabaton_GhostDivision_885686287613_1_2.mp3', '636dc9d3f2af4db716a2ba4cd6a022e888c11a69c38bc8274789cae5e58e49c0', 1784522386493, 'Ghost Division', 2, NULL, 1632, '14a147fa-ea86-5149-b418-ae65d1e9445e', '931749bf-096d-531c-9e66-22f86684da49');
INSERT INTO song (id, path, content_hash, mtime, name, track_number, disc_number, duration_ms, artist_id, album_id) VALUES ('09be6e66-f94e-5be7-b8dc-1b9cadd1453e', '/app/media/Sabaton/Art of War/Sabaton_GloriousLand_885686287613_1_15.mp3', 'a757fa814d8336fa6fda864e965c3173ea59b75ffe42c782e7a28e809c471fd5', 1784522386493, 'Glorious Land', 15, NULL, 1632, '14a147fa-ea86-5149-b418-ae65d1e9445e', '931749bf-096d-531c-9e66-22f86684da49');
INSERT INTO song (id, path, content_hash, mtime, name, track_number, disc_number, duration_ms, artist_id, album_id) VALUES ('279a279b-13c2-559d-8af3-b455860ad8e3', '/app/media/Sabaton/Art of War/Sabaton_Panzerkampf_885686287613_1_9.mp3', '703a99c7d246f4081cf897fdba768cb971391797770912d184e20938c44058ef', 1784522386493, 'Panzerkampf', 9, NULL, 1632, '14a147fa-ea86-5149-b418-ae65d1e9445e', '931749bf-096d-531c-9e66-22f86684da49');
INSERT INTO song (id, path, content_hash, mtime, name, track_number, disc_number, duration_ms, artist_id, album_id) VALUES ('a0fafb19-7784-55f1-9537-a83e0d955d92', '/app/media/Sabaton/Art of War/Sabaton_SunTzuSays_885686287613_1_1.mp3', 'e130ddfc8476142601983348089123c290cd44d781737728a82d68930a35807a', 1784522386493, 'Sun Tzu Says', 1, NULL, 1632, '14a147fa-ea86-5149-b418-ae65d1e9445e', '931749bf-096d-531c-9e66-22f86684da49');
INSERT INTO song (id, path, content_hash, mtime, name, track_number, disc_number, duration_ms, artist_id, album_id) VALUES ('f9e156c3-b450-52ee-bde7-46826391c4ee', '/app/media/Sabaton/Art of War/Sabaton_SwedishNationalAnthemLiveAtSwedenRockFestival_885686287613_1_17.mp3', '3759c3c6819317152dc6072002a10d24da9c08686a95c4224fdaa88fb983da98', 1784522386493, 'Swedish National Anthem (Live at Sweden Rock Festival)', 17, NULL, 1632, '14a147fa-ea86-5149-b418-ae65d1e9445e', '931749bf-096d-531c-9e66-22f86684da49');
INSERT INTO song (id, path, content_hash, mtime, name, track_number, disc_number, duration_ms, artist_id, album_id) VALUES ('18723c84-b853-57cf-837c-28ffbab0b085', '/app/media/Sabaton/Art of War/Sabaton_SwedishPagans_885686287613_1_14.mp3', '1d2222313296ea0168f34d0f2c88f565291ef2f5a63917863d5177a3746af2e8', 1784522386493, 'Swedish Pagans', 14, NULL, 1632, '14a147fa-ea86-5149-b418-ae65d1e9445e', '931749bf-096d-531c-9e66-22f86684da49');
INSERT INTO song (id, path, content_hash, mtime, name, track_number, disc_number, duration_ms, artist_id, album_id) VALUES ('3d9a0d12-4e49-59f6-abdb-0de5eb7d288e', '/app/media/Sabaton/Art of War/Sabaton_Talvisota_885686287613_1_8.mp3', '74ad51eda339e415b58740025df59e14cf9199a55302e555400722cd57cb8d6c', 1784522386493, 'Talvisota', 8, NULL, 1632, '14a147fa-ea86-5149-b418-ae65d1e9445e', '931749bf-096d-531c-9e66-22f86684da49');
INSERT INTO song (id, path, content_hash, mtime, name, track_number, disc_number, duration_ms, artist_id, album_id) VALUES ('2baf106f-a0e4-5a24-813b-f00e6ad22cef', '/app/media/Sabaton/Art of War/Sabaton_TheArtOfWar_885686287613_1_3.mp3', 'e64e1bef8f4fa2c9e4178afff8c8b4a90cd0342c80c5890651e3f8455ba5cecd', 1784522386493, 'The Art Of War', 3, NULL, 1632, '14a147fa-ea86-5149-b418-ae65d1e9445e', '931749bf-096d-531c-9e66-22f86684da49');
INSERT INTO song (id, path, content_hash, mtime, name, track_number, disc_number, duration_ms, artist_id, album_id) VALUES ('de01370e-50a6-5ac7-91df-2c5223fa4a1a', '/app/media/Sabaton/Art of War/Sabaton_TheNatureOfWarfare_885686287613_1_6.mp3', '4ab2c827a71c0e372a71bb6bdd7948b4ffe145a9c4ca63a12f4c8dc42e15f38b', 1784522386493, 'The Nature Of Warfare', 6, NULL, 1632, '14a147fa-ea86-5149-b418-ae65d1e9445e', '931749bf-096d-531c-9e66-22f86684da49');
INSERT INTO song (id, path, content_hash, mtime, name, track_number, disc_number, duration_ms, artist_id, album_id) VALUES ('9d3efbe1-7d7d-5f80-b1cf-5e7c8edf6b28', '/app/media/Sabaton/Art of War/Sabaton_ThePriceOfAMile_885686287613_1_11.mp3', 'cc42c0f8865823db2998742c23e36ed89eb3ab050fa903e61750aadbe36b9a7e', 1784522386493, 'The Price Of A Mile', 11, NULL, 1632, '14a147fa-ea86-5149-b418-ae65d1e9445e', '931749bf-096d-531c-9e66-22f86684da49');
INSERT INTO song (id, path, content_hash, mtime, name, track_number, disc_number, duration_ms, artist_id, album_id) VALUES ('81fbc187-b622-54d5-969d-2a65bcea4080', '/app/media/Sabaton/Art of War/Sabaton_Unbreakable_885686287613_1_5.mp3', 'e286c66f1a9289fdb99db0a3bd9f66e1170822d69aa6cc149ae9834ef55d9423', 1784522386493, 'Unbreakable', 5, NULL, 1632, '14a147fa-ea86-5149-b418-ae65d1e9445e', '931749bf-096d-531c-9e66-22f86684da49');
INSERT INTO song (id, path, content_hash, mtime, name, track_number, disc_number, duration_ms, artist_id, album_id) VALUES ('6189f026-46f6-5b91-9c25-98a6ceed8124', '/app/media/Sabaton/Art of War/Sabaton_UnionSlopesOfStBenedict_885686287613_1_10.mp3', 'ce4d01e62c1c720ed3f820ecb829f6808b2144c9c4d869442380143373dbc4d0', 1784522386493, 'Union (Slopes Of St.Benedict)', 10, NULL, 1632, '14a147fa-ea86-5149-b418-ae65d1e9445e', '931749bf-096d-531c-9e66-22f86684da49');
INSERT INTO song (id, path, content_hash, mtime, name, track_number, disc_number, duration_ms, artist_id, album_id) VALUES ('a1acd3e6-f9b8-540c-8192-f279edc15d5d', '/app/media/Sabaton/Bismarck/01 - Bismarck.mp3', 'bbf01513230c2d55577f087756f3889de2d0e780c81c361336bb4c789c7392c6', 1784522386493, 'Bismarck', 1, NULL, 1632, '14a147fa-ea86-5149-b418-ae65d1e9445e', '9af5dcfe-082c-5ec8-8ca2-fde7d082b9dc');
INSERT INTO song (id, path, content_hash, mtime, name, track_number, disc_number, duration_ms, artist_id, album_id) VALUES ('49a451c5-034c-570e-b577-7653d30818d6', '/app/media/Sabaton/Carolus Rex/Sabaton_1648EnglishVersion_886788857360_1_5.mp3', '36a681d37ed8b6b30e0ead200916104c1ab435326b886617a29618742811cf14', 1784522386493, '1 6 4 8 (English Version)', 5, NULL, 1632, '14a147fa-ea86-5149-b418-ae65d1e9445e', '29746ffc-427c-5dcc-b3af-ff5db3c155e8');
INSERT INTO song (id, path, content_hash, mtime, name, track_number, disc_number, duration_ms, artist_id, album_id) VALUES ('b9ae2c04-31ad-5660-88b4-3fbb1d515a1a', '/app/media/Sabaton/Carolus Rex/Sabaton_1648_886788857360_2_5.mp3', '1d1fa7047e3518bdf9d9308d0dac1c820c168a5b6786954dc770699fb214a047', 1784522386493, '1 6 4 8', 5, NULL, 1632, '14a147fa-ea86-5149-b418-ae65d1e9445e', '29746ffc-427c-5dcc-b3af-ff5db3c155e8');
INSERT INTO song (id, path, content_hash, mtime, name, track_number, disc_number, duration_ms, artist_id, album_id) VALUES ('186938a0-90c8-5b83-974c-c037fd45534d', '/app/media/Sabaton/Carolus Rex/Sabaton_ALifetimeOfWarEnglishVersion_886788857360_1_4.mp3', '06feebee6f2a34d33c840a3c226daf4ac0778b9da314de05f11d516290830270', 1784522386493, 'A Lifetime of War (English Version)', 4, NULL, 1632, '14a147fa-ea86-5149-b418-ae65d1e9445e', '29746ffc-427c-5dcc-b3af-ff5db3c155e8');
INSERT INTO song (id, path, content_hash, mtime, name, track_number, disc_number, duration_ms, artist_id, album_id) VALUES ('aec2ee9c-e0a6-5a87-9e49-d0e54eae124f', '/app/media/Sabaton/Carolus Rex/Sabaton_CarolusRexEnglishVersion_886788857360_1_7.mp3', '96e0b94b68e24d3aea6c316a8481a88ab80d8b077ef23c278365686797a029f3', 1784522386493, 'Carolus Rex (English Version)', 7, NULL, 1632, '14a147fa-ea86-5149-b418-ae65d1e9445e', '29746ffc-427c-5dcc-b3af-ff5db3c155e8');
INSERT INTO song (id, path, content_hash, mtime, name, track_number, disc_number, duration_ms, artist_id, album_id) VALUES ('160f6a57-381e-5b85-b2f7-6e4f5f9f5d76', '/app/media/Sabaton/Carolus Rex/Sabaton_CarolusRex_886788857360_2_7.mp3', '3589b34c3eb185aca6c586e52d6577913a452c567f9ec5f9cb7319125c57db2c', 1784522386493, 'Carolus Rex', 7, NULL, 1632, '14a147fa-ea86-5149-b418-ae65d1e9445e', '29746ffc-427c-5dcc-b3af-ff5db3c155e8');
INSERT INTO song (id, path, content_hash, mtime, name, track_number, disc_number, duration_ms, artist_id, album_id) VALUES ('017ff32f-7efd-5665-94d2-39aaf5ac7b51', '/app/media/Sabaton/Carolus Rex/Sabaton_DominiumMarisBalticiEnglishVersion_886788857360_1_1.mp3', 'edf409fbdb57a7dda9ed44461843e195183e69fc704dc98c7abbccd1902ddf06', 1784522386493, 'Dominium Maris Baltici (English Version)', 1, NULL, 1632, '14a147fa-ea86-5149-b418-ae65d1e9445e', '29746ffc-427c-5dcc-b3af-ff5db3c155e8');
INSERT INTO song (id, path, content_hash, mtime, name, track_number, disc_number, duration_ms, artist_id, album_id) VALUES ('5ecee32c-38eb-5135-9556-1a6ce1440349', '/app/media/Sabaton/Carolus Rex/Sabaton_DominiumMarisBaltici_886788857360_2_1.mp3', '4daed9ee6e9fa48a77961ad334a88e1cd7be297d0452581295e448fcbc49517d', 1784522386503, 'Dominium Maris Baltici', 1, NULL, 1632, '14a147fa-ea86-5149-b418-ae65d1e9445e', '29746ffc-427c-5dcc-b3af-ff5db3c155e8');
INSERT INTO song (id, path, content_hash, mtime, name, track_number, disc_number, duration_ms, artist_id, album_id) VALUES ('63348176-e908-59c4-a65d-fb40237c633d', '/app/media/Sabaton/Carolus Rex/Sabaton_EnLivstidIKrig_886788857360_2_4.mp3', '4152b83007b4bd267ff36d04b706c563f1e8269fa2f8b8da8a24cdf9c46db41f', 1784522386503, 'En Livstid I Krig', 4, NULL, 1632, '14a147fa-ea86-5149-b418-ae65d1e9445e', '29746ffc-427c-5dcc-b3af-ff5db3c155e8');
INSERT INTO song (id, path, content_hash, mtime, name, track_number, disc_number, duration_ms, artist_id, album_id) VALUES ('14b644c7-1a95-5c9d-9c22-2c18724b6c6a', '/app/media/Sabaton/Carolus Rex/Sabaton_EttSlagFrgatRtt_886788857360_2_8.mp3', '028710ca11eeb14d759d11070ae958a979f708c125804443e420930c9a371f24', 1784522386503, 'Ett Slag Färgat Rött', 8, NULL, 1632, '14a147fa-ea86-5149-b418-ae65d1e9445e', '29746ffc-427c-5dcc-b3af-ff5db3c155e8');
INSERT INTO song (id, path, content_hash, mtime, name, track_number, disc_number, duration_ms, artist_id, album_id) VALUES ('7c3caa49-72a7-5b7e-b936-035be0c67c1d', '/app/media/Sabaton/Carolus Rex/Sabaton_FeuerFreiBonusTrack_886788857360_2_12.mp3', 'b0da2e59ad148af1609d809aaea82285a4452ec380ef004b0ee592e0e4db1f60', 1784522386503, 'Feuer Frei', 12, NULL, 1632, '14a147fa-ea86-5149-b418-ae65d1e9445e', '29746ffc-427c-5dcc-b3af-ff5db3c155e8');
INSERT INTO song (id, path, content_hash, mtime, name, track_number, disc_number, duration_ms, artist_id, album_id) VALUES ('48e37017-4847-5447-b665-abdce3823b76', '/app/media/Sabaton/Carolus Rex/Sabaton_GottMitUnsEnglishVersion_886788857360_1_3.mp3', 'da36ca92ee4d33c37a2d0c8f612710ebd715c7ef31479f68bd4da3b0f6e84137', 1784522386503, 'Gott Mit Uns (English Version)', 3, NULL, 1632, '14a147fa-ea86-5149-b418-ae65d1e9445e', '29746ffc-427c-5dcc-b3af-ff5db3c155e8');
INSERT INTO song (id, path, content_hash, mtime, name, track_number, disc_number, duration_ms, artist_id, album_id) VALUES ('4dbdbbb5-0407-52dc-857d-d2440e03c3ff', '/app/media/Sabaton/Carolus Rex/Sabaton_GottMitUns_886788857360_2_3.mp3', '4181e0ff6bab357c4e6a83fbd003a4a12fd8ec9749b8fab04cc5ed3e4d02468f', 1784522386503, 'Gott Mit Uns', 3, NULL, 1632, '14a147fa-ea86-5149-b418-ae65d1e9445e', '29746ffc-427c-5dcc-b3af-ff5db3c155e8');
INSERT INTO song (id, path, content_hash, mtime, name, track_number, disc_number, duration_ms, artist_id, album_id) VALUES ('675c800f-ac3a-5a67-a4b1-56d3b7008d0a', '/app/media/Sabaton/Carolus Rex/Sabaton_InTheArmyNowBonusTrack_886788857360_1_12.mp3', 'd5d80c22b80f2c2d0f6672d813935971ac6fb8f14b7ebf54fd692ecaf6d4791a', 1784522386503, 'In the Army Now', 12, NULL, 1632, '14a147fa-ea86-5149-b418-ae65d1e9445e', '29746ffc-427c-5dcc-b3af-ff5db3c155e8');
INSERT INTO song (id, path, content_hash, mtime, name, track_number, disc_number, duration_ms, artist_id, album_id) VALUES ('3aee07e2-711a-5168-abc7-76e4b1db38ee', '/app/media/Sabaton/Carolus Rex/Sabaton_KarolinensBn_886788857360_2_6.mp3', '62bde3aed85871ff29f514904bf98d89b0186c07724862192dc8278ced63b23e', 1784522386503, 'Karolinens Bön', 6, NULL, 1632, '14a147fa-ea86-5149-b418-ae65d1e9445e', '29746ffc-427c-5dcc-b3af-ff5db3c155e8');
INSERT INTO song (id, path, content_hash, mtime, name, track_number, disc_number, duration_ms, artist_id, album_id) VALUES ('206ff677-f700-5e91-8f44-47b5aefa914c', '/app/media/Sabaton/Carolus Rex/Sabaton_KillingGroundEnglishVersion_886788857360_1_8.mp3', 'f309af79a07543c18e8fc9b6c570b9db25b8fb96e6792cd486a1558a0d203541', 1784522386503, 'Killing Ground (English Version)', 8, NULL, 1632, '14a147fa-ea86-5149-b418-ae65d1e9445e', '29746ffc-427c-5dcc-b3af-ff5db3c155e8');
INSERT INTO song (id, path, content_hash, mtime, name, track_number, disc_number, duration_ms, artist_id, album_id) VALUES ('61a22bf5-5291-554e-aef1-ffbb9891d3f7', '/app/media/Sabaton/Carolus Rex/Sabaton_KonungensLikfrd_886788857360_2_10.mp3', '07daa75aa6ecc956783b56da9e1e15c85c23dc9c6e0cb8867d3a439663c329e8', 1784522386503, 'Konungens Likfärd', 10, NULL, 1632, '14a147fa-ea86-5149-b418-ae65d1e9445e', '29746ffc-427c-5dcc-b3af-ff5db3c155e8');
INSERT INTO song (id, path, content_hash, mtime, name, track_number, disc_number, duration_ms, artist_id, album_id) VALUES ('911cfd1d-055d-58e3-be07-d8cdd8811dab', '/app/media/Sabaton/Carolus Rex/Sabaton_LejonetFrnNorden_886788857360_2_2.mp3', '49538d96298e3afc0ece96783a010c025dc98c7993d3d75f1b4b5cf89af3655e', 1784522386503, 'Lejonet Från Norden', 2, NULL, 1632, '14a147fa-ea86-5149-b418-ae65d1e9445e', '29746ffc-427c-5dcc-b3af-ff5db3c155e8');
INSERT INTO song (id, path, content_hash, mtime, name, track_number, disc_number, duration_ms, artist_id, album_id) VALUES ('66813436-35f3-5a9d-b800-534702a3716e', '/app/media/Sabaton/Carolus Rex/Sabaton_LongLiveTheKingEnglishVersion_886788857360_1_10.mp3', '6f50033be27eb26783ecb67a9a06fd877667dbbec865f4f9143ba8a6774f8051', 1784522386503, 'Long Live the King (English Version)', 10, NULL, 1632, '14a147fa-ea86-5149-b418-ae65d1e9445e', '29746ffc-427c-5dcc-b3af-ff5db3c155e8');
INSERT INTO song (id, path, content_hash, mtime, name, track_number, disc_number, duration_ms, artist_id, album_id) VALUES ('b408d4c7-82db-51aa-8910-80dbf0c590cc', '/app/media/Sabaton/Carolus Rex/Sabaton_PoltavaEnglishVersion_886788857360_1_9.mp3', '284768a0f87a6bbb01fd004422d1b3572a0c232a15f5d5469edcf26912318e1c', 1784522386503, 'Poltava (English Version)', 9, NULL, 1632, '14a147fa-ea86-5149-b418-ae65d1e9445e', '29746ffc-427c-5dcc-b3af-ff5db3c155e8');
INSERT INTO song (id, path, content_hash, mtime, name, track_number, disc_number, duration_ms, artist_id, album_id) VALUES ('eb81e34a-fee8-5e2b-9a4b-073cfe373860', '/app/media/Sabaton/Carolus Rex/Sabaton_Poltava_886788857360_2_9.mp3', '6e6a2e16484e7c0e4df704e49d398e1ae2c450641b3dfbac545860b7bbc72bc0', 1784522386503, 'Poltava', 9, NULL, 1632, '14a147fa-ea86-5149-b418-ae65d1e9445e', '29746ffc-427c-5dcc-b3af-ff5db3c155e8');
INSERT INTO song (id, path, content_hash, mtime, name, track_number, disc_number, duration_ms, artist_id, album_id) VALUES ('d32cfd64-8541-5e9a-aa5e-df45bfb13cb3', '/app/media/Sabaton/Carolus Rex/Sabaton_RuinaImperiiEnglishVersion_886788857360_1_11.mp3', '41b6673a6543621252c61c275dbb94b4a289b3778d9ad6afacc82e9b007a574c', 1784522386503, 'Ruina Imperii (English Version)', 11, NULL, 1632, '14a147fa-ea86-5149-b418-ae65d1e9445e', '29746ffc-427c-5dcc-b3af-ff5db3c155e8');
INSERT INTO song (id, path, content_hash, mtime, name, track_number, disc_number, duration_ms, artist_id, album_id) VALUES ('84b59022-b3cf-5592-ac56-17064de6b91b', '/app/media/Sabaton/Carolus Rex/Sabaton_RuinaImperii_886788857360_2_11.mp3', '2c35eed0041a856d827a0a4e9d183e876a1fa2ad7f107a4c1b88afaba1552fbc', 1784522386503, 'Ruina Imperii', 11, NULL, 1632, '14a147fa-ea86-5149-b418-ae65d1e9445e', '29746ffc-427c-5dcc-b3af-ff5db3c155e8');
INSERT INTO song (id, path, content_hash, mtime, name, track_number, disc_number, duration_ms, artist_id, album_id) VALUES ('105f7bac-3ec8-5d10-b809-f8722e3e75ea', '/app/media/Sabaton/Carolus Rex/Sabaton_TheCaroleansPrayerEnglishVersion_886788857360_1_6.mp3', '90b241fb528a02cba34ef00444cb659556d654d54e560e4caa7ee928d26e4f34', 1784522386503, 'The Carolean''s Prayer (English Version)', 6, NULL, 1632, '14a147fa-ea86-5149-b418-ae65d1e9445e', '29746ffc-427c-5dcc-b3af-ff5db3c155e8');
INSERT INTO song (id, path, content_hash, mtime, name, track_number, disc_number, duration_ms, artist_id, album_id) VALUES ('707a5d05-509d-57cd-ba11-c246b10c0bbe', '/app/media/Sabaton/Carolus Rex/Sabaton_TheLionFromTheNorthEnglishVersion_886788857360_1_2.mp3', '8bd56342103ec6f0ee384eca679c8d56b4531e96e2b1bf929653b605e136e04b', 1784522386503, 'The Lion from the North (English Version)', 2, NULL, 1632, '14a147fa-ea86-5149-b418-ae65d1e9445e', '29746ffc-427c-5dcc-b3af-ff5db3c155e8');
INSERT INTO song (id, path, content_hash, mtime, name, track_number, disc_number, duration_ms, artist_id, album_id) VALUES ('3d76546d-4dc2-5925-bebf-f3d5d6c629e8', '/app/media/Sabaton/Fields of Verdun/Sabaton - Fields of Verdun.mp3', '832d45dbe89007921941a125cd5fa2800ce8184c1a530d3e9ff41aa2ecd68699', 1784522386503, 'Fields of Verdun', NULL, NULL, 1632, '14a147fa-ea86-5149-b418-ae65d1e9445e', '0dd389e8-faaf-5414-8a3c-516c40df329f');
INSERT INTO song (id, path, content_hash, mtime, name, track_number, disc_number, duration_ms, artist_id, album_id) VALUES ('d05cdb22-99e2-5ac3-870e-6096435cd009', '/app/media/Sabaton/Great War/Sabaton - Great War.mp3', '53aa9365eaeeff2d4ae77a8101ff5f0b0f9a90a44d1bc42ebd35e4333077f3f0', 1784522386503, 'Great War', NULL, NULL, 1632, '14a147fa-ea86-5149-b418-ae65d1e9445e', '5d364be0-339e-5719-b7a5-c3561d429581');
INSERT INTO song (id, path, content_hash, mtime, name, track_number, disc_number, duration_ms, artist_id, album_id) VALUES ('47d4cc36-346b-5473-ba6a-b0d4198fa42e', '/app/media/Sabaton/Heroes/Sabaton_FarFromTheFame_889176697272_1_9.mp3', 'e1d64d79b7a8654db44bd499dbcd5629ecf25b6d7d1aac9067e30069a2506e13', 1784522386503, 'Far from the Fame', 9, NULL, 1632, '14a147fa-ea86-5149-b418-ae65d1e9445e', 'fed53df7-22d1-57d4-8a6c-6dd505694bc1');
INSERT INTO song (id, path, content_hash, mtime, name, track_number, disc_number, duration_ms, artist_id, album_id) VALUES ('e36a895d-d9db-505a-8e3f-f2835098f4d3', '/app/media/Sabaton/Heroes/Sabaton_HeartsOfIron_889176697272_1_10.mp3', '841dc61978d0de316a74999a55b8580b2d3dbb3096cef7bf71002ed6329eb62a', 1784522386503, 'Hearts of Iron', 10, NULL, 1632, '14a147fa-ea86-5149-b418-ae65d1e9445e', 'fed53df7-22d1-57d4-8a6c-6dd505694bc1');
INSERT INTO song (id, path, content_hash, mtime, name, track_number, disc_number, duration_ms, artist_id, album_id) VALUES ('2c493c87-a59f-55fb-adc6-56324456ce30', '/app/media/Sabaton/Heroes/Sabaton_Inmate4859_889176697272_1_4.mp3', '21dc1b609bbb82ab353b1c45b28d8fd38230d78123d25b9bbb7eb9dab3cf188f', 1784522386503, 'Inmate 4859', 4, NULL, 1632, '14a147fa-ea86-5149-b418-ae65d1e9445e', 'fed53df7-22d1-57d4-8a6c-6dd505694bc1');
INSERT INTO song (id, path, content_hash, mtime, name, track_number, disc_number, duration_ms, artist_id, album_id) VALUES ('416eb5e0-9e5e-5e87-9860-d4c489e0ebb7', '/app/media/Sabaton/Heroes/Sabaton_NightWitches_889176697272_1_1.mp3', '6994780e02b4793f183d3f9025712f89fe1f2e0a0bd8ac0c631bc59f0357355d', 1784522386503, 'Night Witches', 1, NULL, 1632, '14a147fa-ea86-5149-b418-ae65d1e9445e', 'fed53df7-22d1-57d4-8a6c-6dd505694bc1');
INSERT INTO song (id, path, content_hash, mtime, name, track_number, disc_number, duration_ms, artist_id, album_id) VALUES ('5b1d313f-e748-5d9b-81cd-cdb73ff1a99c', '/app/media/Sabaton/Heroes/Sabaton_NoBulletsFly_889176697272_1_2.mp3', 'a8171eb5b9e1d580065d1ee39f27b809a7dcab360087f337c15675fc1b45fcdc', 1784522386513, 'No Bullets Fly', 2, NULL, 1632, '14a147fa-ea86-5149-b418-ae65d1e9445e', 'fed53df7-22d1-57d4-8a6c-6dd505694bc1');
INSERT INTO song (id, path, content_hash, mtime, name, track_number, disc_number, duration_ms, artist_id, album_id) VALUES ('3ffb67b3-593e-5bd3-999f-812e4b27bcc5', '/app/media/Sabaton/Heroes/Sabaton_ResistAndBite_889176697272_1_7.mp3', '9a7bed78bbc485a459b4228ff0ede38700c21f259bb9bc915766b053386d2d78', 1784522386513, 'Resist and Bite', 7, NULL, 1632, '14a147fa-ea86-5149-b418-ae65d1e9445e', 'fed53df7-22d1-57d4-8a6c-6dd505694bc1');
INSERT INTO song (id, path, content_hash, mtime, name, track_number, disc_number, duration_ms, artist_id, album_id) VALUES ('72f611bc-7d5b-533a-85a7-1d1a8d291061', '/app/media/Sabaton/Heroes/Sabaton_SmokingSnakes_889176697272_1_3.mp3', 'a69d3431dafd4f4cd52f4f70f79e80753ef8be31f21111fc7289d9d37c28c000', 1784522386513, 'Smoking Snakes', 3, NULL, 1632, '14a147fa-ea86-5149-b418-ae65d1e9445e', 'fed53df7-22d1-57d4-8a6c-6dd505694bc1');
INSERT INTO song (id, path, content_hash, mtime, name, track_number, disc_number, duration_ms, artist_id, album_id) VALUES ('0f0d0c66-77ac-59b6-9694-d8a9c0164a7c', '/app/media/Sabaton/Heroes/Sabaton_SoldierOf3Armies_889176697272_1_8.mp3', '3931913562ff32052b6842f83ca6a2c60fa5951c2ae117bcf7095eeb61c9ce17', 1784522386513, 'Soldier of 3 Armies', 8, NULL, 1632, '14a147fa-ea86-5149-b418-ae65d1e9445e', 'fed53df7-22d1-57d4-8a6c-6dd505694bc1');
INSERT INTO song (id, path, content_hash, mtime, name, track_number, disc_number, duration_ms, artist_id, album_id) VALUES ('cb850f0e-7a40-50a2-b0b7-0c739db0ad13', '/app/media/Sabaton/Heroes/Sabaton_TheBalladOfBull_889176697272_1_6.mp3', 'e6a158972143e9148037f56b632ff093f4ac32774dab9bc2c0a944f8cc2c4873', 1784522386513, 'The Ballad of Bull', 6, NULL, 1632, '14a147fa-ea86-5149-b418-ae65d1e9445e', 'fed53df7-22d1-57d4-8a6c-6dd505694bc1');
INSERT INTO song (id, path, content_hash, mtime, name, track_number, disc_number, duration_ms, artist_id, album_id) VALUES ('132df602-b62b-595d-87d3-03c85b589e0b', '/app/media/Sabaton/Heroes/Sabaton_ToHellAndBack_889176697272_1_5.mp3', '85a76819b62f698e5464908beda36d319e044ca1843ada1f377b876d769dcb9f', 1784522386513, 'To Hell and Back', 5, NULL, 1632, '14a147fa-ea86-5149-b418-ae65d1e9445e', 'fed53df7-22d1-57d4-8a6c-6dd505694bc1');
INSERT INTO song (id, path, content_hash, mtime, name, track_number, disc_number, duration_ms, artist_id, album_id) VALUES ('92a06003-be36-56e1-a068-b6452d725fc5', '/app/media/Sabaton/The Great War/Sabaton - The Great War - 01 The Future of Warfare.mp3', '18878cfa02ecd5ac21f3fc3d02f5f80f04c332a851155762c1f716f94af04b28', 1784522386513, 'The Future of Warfare', 1, NULL, 1632, '14a147fa-ea86-5149-b418-ae65d1e9445e', 'f496fd54-90c7-58ad-8f29-b125a07dcb82');
INSERT INTO song (id, path, content_hash, mtime, name, track_number, disc_number, duration_ms, artist_id, album_id) VALUES ('eb1ccb68-cd80-597d-9529-8a439620eac1', '/app/media/Sabaton/The Great War/Sabaton - The Great War - 02 Seven Pillars of Wisdom.mp3', '840e445c13b108e2842c9dfb37ed5b2ab60ca5ed6c2fbf30441eefb0f665cb1a', 1784522386513, 'Seven Pillars of Wisdom', 2, NULL, 1632, '14a147fa-ea86-5149-b418-ae65d1e9445e', 'f496fd54-90c7-58ad-8f29-b125a07dcb82');
INSERT INTO song (id, path, content_hash, mtime, name, track_number, disc_number, duration_ms, artist_id, album_id) VALUES ('502ce45f-d1fe-58c2-94ee-ef867b5066c7', '/app/media/Sabaton/The Great War/Sabaton - The Great War - 03 82nd All the Way.mp3', 'd5fa0de5f7612e0e92d3f9ad383c4150660d9dddf676f7df7cd641e96e8b2024', 1784522386513, '82nd All the Way', 3, NULL, 1632, '14a147fa-ea86-5149-b418-ae65d1e9445e', 'f496fd54-90c7-58ad-8f29-b125a07dcb82');
INSERT INTO song (id, path, content_hash, mtime, name, track_number, disc_number, duration_ms, artist_id, album_id) VALUES ('e96387aa-4272-519d-8d6f-36e63f22904c', '/app/media/Sabaton/The Great War/Sabaton - The Great War - 04 The Attack of the Dead Men.mp3', 'c244961d45ea5cbd0c5c963a074eebd92dc5ad70ab827573c06580091a6990c1', 1784522386513, 'The Attack of the Dead Men', 4, NULL, 1632, '14a147fa-ea86-5149-b418-ae65d1e9445e', 'f496fd54-90c7-58ad-8f29-b125a07dcb82');
INSERT INTO song (id, path, content_hash, mtime, name, track_number, disc_number, duration_ms, artist_id, album_id) VALUES ('8f5ccdc8-bf37-5e0d-a011-5514a5a5185e', '/app/media/Sabaton/The Great War/Sabaton - The Great War - 05 Devil Dogs.mp3', 'a4e8b2ffedd57f7f3d094574dd302c859dd65f1ff275761d17e585b372baf0d5', 1784522386513, 'Devil Dogs', 5, NULL, 1632, '14a147fa-ea86-5149-b418-ae65d1e9445e', 'f496fd54-90c7-58ad-8f29-b125a07dcb82');
INSERT INTO song (id, path, content_hash, mtime, name, track_number, disc_number, duration_ms, artist_id, album_id) VALUES ('378c4798-45ab-5443-84f4-4cb452859663', '/app/media/Sabaton/The Great War/Sabaton - The Great War - 06 The Red Baron.mp3', '68c9da1e94b80cff28ffdf0bb75e96c6edd8a2bd8ffaec775377a1f011676c63', 1784522386513, 'The Red Baron', 6, NULL, 1632, '14a147fa-ea86-5149-b418-ae65d1e9445e', 'f496fd54-90c7-58ad-8f29-b125a07dcb82');
INSERT INTO song (id, path, content_hash, mtime, name, track_number, disc_number, duration_ms, artist_id, album_id) VALUES ('d25aa51a-f7a2-56a9-9802-ed55e9fdce8c', '/app/media/Sabaton/The Great War/Sabaton - The Great War - 07 Great War.mp3', 'cba0fc3c1cd53288554748fcc853f828326d59ec1bc6e80ec5a29d2cbd975125', 1784522386513, 'Great War', 7, NULL, 1632, '14a147fa-ea86-5149-b418-ae65d1e9445e', 'f496fd54-90c7-58ad-8f29-b125a07dcb82');
INSERT INTO song (id, path, content_hash, mtime, name, track_number, disc_number, duration_ms, artist_id, album_id) VALUES ('6fdcfe8d-73a8-50f9-943a-02cdb610e4e9', '/app/media/Sabaton/The Great War/Sabaton - The Great War - 08 A Ghost in the Trenches.mp3', '01e49b1c8c746a99fc8bcbfb098450f98305d207f5582d31a03155bedd8837f1', 1784522386513, 'A Ghost in the Trenches', 8, NULL, 1632, '14a147fa-ea86-5149-b418-ae65d1e9445e', 'f496fd54-90c7-58ad-8f29-b125a07dcb82');
INSERT INTO song (id, path, content_hash, mtime, name, track_number, disc_number, duration_ms, artist_id, album_id) VALUES ('94474216-8273-52b8-9738-1e4b31d5d6df', '/app/media/Sabaton/The Great War/Sabaton - The Great War - 09 Fields of Verdun.mp3', 'a8714867da6991ff3d47064b92fbc21c070534cb06d0e0f7bbc7193931c9bd3a', 1784522386513, 'Fields of Verdun', 9, NULL, 1632, '14a147fa-ea86-5149-b418-ae65d1e9445e', 'f496fd54-90c7-58ad-8f29-b125a07dcb82');
INSERT INTO song (id, path, content_hash, mtime, name, track_number, disc_number, duration_ms, artist_id, album_id) VALUES ('82682b08-9884-561d-aadf-3eb03f2cff5c', '/app/media/Sabaton/The Great War/Sabaton - The Great War - 10 The End of the War to End All Wars.mp3', '59cea2f9a333d819335b442371d74f60bc9b37db94a10208bea6d550d385353d', 1784522386513, 'The End of the War to End All Wars', 10, NULL, 1632, '14a147fa-ea86-5149-b418-ae65d1e9445e', 'f496fd54-90c7-58ad-8f29-b125a07dcb82');
INSERT INTO song (id, path, content_hash, mtime, name, track_number, disc_number, duration_ms, artist_id, album_id) VALUES ('d3e8b61d-721c-5572-9a4f-68bbb75aefac', '/app/media/Sabaton/The Great War/Sabaton - The Great War - 11 In Flanders Fields.mp3', 'a859051862fec64fd037a65d7096a41a79df7e65dc5484d9dd21b3c87e46741c', 1784522386513, 'In Flanders Fields', 11, NULL, 1632, '14a147fa-ea86-5149-b418-ae65d1e9445e', 'f496fd54-90c7-58ad-8f29-b125a07dcb82');
INSERT INTO song (id, path, content_hash, mtime, name, track_number, disc_number, duration_ms, artist_id, album_id) VALUES ('80107a34-2edf-5cee-bdf1-337c1e1ff076', '/app/media/Sabaton/The Last Stand/Sabaton_AllGunsBlazingBonus_727361373467_1_13.mp3', '96b6e8018311eb45c326387555eabd7c578dbc18133a619e59a816fb4de36852', 1784522386513, 'All Guns Blazing (Bonus)', 13, NULL, 1632, '14a147fa-ea86-5149-b418-ae65d1e9445e', '17aa218c-2299-59e6-9a7f-7b48a54e5dbb');
INSERT INTO song (id, path, content_hash, mtime, name, track_number, disc_number, duration_ms, artist_id, album_id) VALUES ('fbf6c569-762b-529d-bb02-24f9800c6b1c', '/app/media/Sabaton/The Last Stand/Sabaton_BloodOfBannockburn_727361373467_1_3.mp3', '2e0d5cda7e0633bdbb6e8c88d8cecccf83ee1b502650735f6b121e089c657609', 1784522386513, 'Blood of Bannockburn', 3, NULL, 1632, '14a147fa-ea86-5149-b418-ae65d1e9445e', '17aa218c-2299-59e6-9a7f-7b48a54e5dbb');
INSERT INTO song (id, path, content_hash, mtime, name, track_number, disc_number, duration_ms, artist_id, album_id) VALUES ('0ae2a03e-3e1b-531c-ad1a-5af8cea4abb9', '/app/media/Sabaton/The Last Stand/Sabaton_CamouflageBonus_727361373467_1_12.mp3', '928b47f2511b97a5b2d53882a323ff6be54d773e686d9b3479cfd0178f49ae64', 1784522386513, 'Camouflage (Bonus)', 12, NULL, 1632, '14a147fa-ea86-5149-b418-ae65d1e9445e', '17aa218c-2299-59e6-9a7f-7b48a54e5dbb');
INSERT INTO song (id, path, content_hash, mtime, name, track_number, disc_number, duration_ms, artist_id, album_id) VALUES ('011fb39d-ad7f-5b7c-af48-aff17c920538', '/app/media/Sabaton/The Last Stand/Sabaton_DiaryOfAnUnknownSoldier_727361373467_1_4.mp3', '75b0d54f3d3c96246c799c769df271fc1789aec21cc4106f8aba424ae675d8b1', 1784522386513, 'Diary of an Unknown Soldier', 4, NULL, 1632, '14a147fa-ea86-5149-b418-ae65d1e9445e', '17aa218c-2299-59e6-9a7f-7b48a54e5dbb');
INSERT INTO song (id, path, content_hash, mtime, name, track_number, disc_number, duration_ms, artist_id, album_id) VALUES ('31144ce9-ff79-5c41-9299-2db528745e3d', '/app/media/Sabaton/The Last Stand/Sabaton_Hill3234_727361373467_1_8.mp3', '1529496638c9abcdcaa34052fddc27e3827dd0b0578975d419f34d885128989e', 1784522386513, 'Hill 3234', 8, NULL, 1632, '14a147fa-ea86-5149-b418-ae65d1e9445e', '17aa218c-2299-59e6-9a7f-7b48a54e5dbb');
INSERT INTO song (id, path, content_hash, mtime, name, track_number, disc_number, duration_ms, artist_id, album_id) VALUES ('ab35a4ce-3240-5042-bd64-059e4da048eb', '/app/media/Sabaton/The Last Stand/Sabaton_LastDyingBreath_727361373467_1_2.mp3', '017469b2705ceb083720209468842c3385fea0fc73656fa06af207dc36e7c01b', 1784522386513, 'Last Dying Breath', 2, NULL, 1632, '14a147fa-ea86-5149-b418-ae65d1e9445e', '17aa218c-2299-59e6-9a7f-7b48a54e5dbb');
INSERT INTO song (id, path, content_hash, mtime, name, track_number, disc_number, duration_ms, artist_id, album_id) VALUES ('188682ee-4595-5b9f-be5c-45b1e8283c6b', '/app/media/Sabaton/The Last Stand/Sabaton_RorkesDrift_727361373467_1_6.mp3', '1c062e9f41719eaa3159a3972fc552038878665680cf65e92ca2901a3026b1aa', 1784522386513, 'Rorke''s Drift', 6, NULL, 1632, '14a147fa-ea86-5149-b418-ae65d1e9445e', '17aa218c-2299-59e6-9a7f-7b48a54e5dbb');
INSERT INTO song (id, path, content_hash, mtime, name, track_number, disc_number, duration_ms, artist_id, album_id) VALUES ('c1065a43-eb7e-5c42-b0e1-d46dcc7e0b59', '/app/media/Sabaton/The Last Stand/Sabaton_Shiroyama_727361373467_1_9.mp3', '239ef7f0292407237b68ceb624b8ed675f7933e752fc168b7213690f2a9a2f1f', 1784522386513, 'Shiroyama', 9, NULL, 1632, '14a147fa-ea86-5149-b418-ae65d1e9445e', '17aa218c-2299-59e6-9a7f-7b48a54e5dbb');
INSERT INTO song (id, path, content_hash, mtime, name, track_number, disc_number, duration_ms, artist_id, album_id) VALUES ('1e86d753-b319-5a06-b6fd-d52010515169', '/app/media/Sabaton/The Last Stand/Sabaton_Sparta_727361373467_1_1.mp3', '70844d74c85913e2da83a904fca25ba853f13bb26bea4ce2189490a63faaaa8c', 1784522386513, 'Sparta', 1, NULL, 1632, '14a147fa-ea86-5149-b418-ae65d1e9445e', '17aa218c-2299-59e6-9a7f-7b48a54e5dbb');
INSERT INTO song (id, path, content_hash, mtime, name, track_number, disc_number, duration_ms, artist_id, album_id) VALUES ('cd6055ce-f053-5f3e-935f-3d65677ddcc7', '/app/media/Sabaton/The Last Stand/Sabaton_TheLastBattle_727361373467_1_11.mp3', 'c0da6914dde7ef74c06010ff9376999457690c6f32bce53199351950749d12c7', 1784522386513, 'The Last Battle', 11, NULL, 1632, '14a147fa-ea86-5149-b418-ae65d1e9445e', '17aa218c-2299-59e6-9a7f-7b48a54e5dbb');
INSERT INTO song (id, path, content_hash, mtime, name, track_number, disc_number, duration_ms, artist_id, album_id) VALUES ('abb110b7-3bfb-5d53-8604-91c54b968e03', '/app/media/Sabaton/The Last Stand/Sabaton_TheLastStand_727361373467_1_7.mp3', '449197e979180183b8aaaac6396c2f8bf07d57e39ac1807f06e4df97547610a1', 1784522386513, 'The Last Stand', 7, NULL, 1632, '14a147fa-ea86-5149-b418-ae65d1e9445e', '17aa218c-2299-59e6-9a7f-7b48a54e5dbb');
INSERT INTO song (id, path, content_hash, mtime, name, track_number, disc_number, duration_ms, artist_id, album_id) VALUES ('791b15e6-08d2-50db-b42e-35a9e2153b08', '/app/media/Sabaton/The Last Stand/Sabaton_TheLostBattalion_727361373467_1_5.mp3', '8a106d9ac38dd1fbd10a07823c1344b29575ef255a843a24328d86eff6c75f26', 1784522386513, 'The Lost Battalion', 5, NULL, 1632, '14a147fa-ea86-5149-b418-ae65d1e9445e', '17aa218c-2299-59e6-9a7f-7b48a54e5dbb');
INSERT INTO song (id, path, content_hash, mtime, name, track_number, disc_number, duration_ms, artist_id, album_id) VALUES ('0c7e7e16-11c0-5e13-8097-3f899f2d6d27', '/app/media/Sabaton/The Last Stand/Sabaton_WingedHussars_727361373467_1_10.mp3', '467bf6eb0547636b7eb23534679b0e5c55ec3187a067c5e94b553d1d2c6be06b', 1784522386513, 'Winged Hussars', 10, NULL, 1632, '14a147fa-ea86-5149-b418-ae65d1e9445e', '17aa218c-2299-59e6-9a7f-7b48a54e5dbb');
INSERT INTO song (id, path, content_hash, mtime, name, track_number, disc_number, duration_ms, artist_id, album_id) VALUES ('7b62b0be-a352-5c34-98da-ad95ee5f9aa7', '/app/media/Sabaton/The Red Baron/Sabaton - The Red Baron.mp3', '951790e7a1e79419739d8f0036ff929ebb13e9ef5e2a0643d1687256b673c428', 1784522386523, 'The Red Baron', NULL, NULL, 1632, '14a147fa-ea86-5149-b418-ae65d1e9445e', NULL);
INSERT INTO song (id, path, content_hash, mtime, name, track_number, disc_number, duration_ms, artist_id, album_id) VALUES ('0ab2a610-5b52-5d23-87f3-20841003c1e7', '/app/media/Æther Realm/Aether Realm - Goodbye/Aether Realm - Goodbye - 01 Goodbye.mp3', 'f3c3ac47a6dce11c642268e08de4b3048a336174ccaf7e15e59ae80a4b1f4906', 1784522386523, 'Goodbye', 1, NULL, 1632, '4cf4ba9f-47d6-53f2-bcbd-bd934ba58363', '2eb77841-1096-5885-8e9a-52f8515afe94');
INSERT INTO song (id, path, content_hash, mtime, name, track_number, disc_number, duration_ms, artist_id, album_id) VALUES ('c6c0ef83-a646-5693-a5ac-78558379f26f', '/app/media/Æther Realm/Death synthwave remix/Starfaux - Death (Synthwave Remix).mp3', '49c24a92255879a7c0c70a8a4214b6ff1a0e3ce3fb0bb19204fddc3eb196bb7f', 1784522386523, 'Death (Synthwave Remix - Starfaux)', NULL, NULL, 1632, '4cf4ba9f-47d6-53f2-bcbd-bd934ba58363', NULL);
INSERT INTO song (id, path, content_hash, mtime, name, track_number, disc_number, duration_ms, artist_id, album_id) VALUES ('1b7f353f-1287-5bf6-b420-11cdd71998e4', '/app/media/Æther Realm/One Chosen by the Gods/01 - Journey of Discovery.mp3', 'ac87c625a6a28626c548116abd9b9dfa18ee779359d67509f8ae805f59840a97', 1784522386523, 'Journey of Discovery', 1, NULL, 1632, NULL, 'f8e09f01-580e-59b6-89cc-71b39aa89777');
INSERT INTO song (id, path, content_hash, mtime, name, track_number, disc_number, duration_ms, artist_id, album_id) VALUES ('af62c617-662d-5a92-b977-e1720d8e5205', '/app/media/Æther Realm/One Chosen by the Gods/02 - Hourglass.mp3', '82844cd9d7e7fec79685d0b52ab80f6750a3e14193a31fa6da404fc768df6715', 1784522386523, 'Hourglass', 2, NULL, 1632, NULL, 'f8e09f01-580e-59b6-89cc-71b39aa89777');
INSERT INTO song (id, path, content_hash, mtime, name, track_number, disc_number, duration_ms, artist_id, album_id) VALUES ('72fa3346-72ff-5171-8d75-ba45346e8fd9', '/app/media/Æther Realm/One Chosen by the Gods/03 - Æther Realm.mp3', '30fd7dbad2ed421fdc037b08da73c4f503db819f754128c697a160eeef6b2a7b', 1784522386523, 'Æther Realm', 3, NULL, 1632, NULL, 'f8e09f01-580e-59b6-89cc-71b39aa89777');
INSERT INTO song (id, path, content_hash, mtime, name, track_number, disc_number, duration_ms, artist_id, album_id) VALUES ('858ec94b-b8ea-59fe-b270-875f73ceaad2', '/app/media/Æther Realm/One Chosen by the Gods/04 - Swampwitch.mp3', 'e64631a0d7f05222566ef8a2824c22eaebafd1de0a6eadbdeb16fd2249ed6d90', 1784522386523, 'Swampwitch', 4, NULL, 1632, NULL, 'f8e09f01-580e-59b6-89cc-71b39aa89777');
INSERT INTO song (id, path, content_hash, mtime, name, track_number, disc_number, duration_ms, artist_id, album_id) VALUES ('def72b48-d717-5e0c-a3e5-88073b3565a7', '/app/media/Æther Realm/One Chosen by the Gods/05 - One Chosen by the Gods.mp3', '3b86d6d3d49b239be8e1e1358c96a7693f21681dc298896a9ccc2001598fedee', 1784522386523, 'One Chosen by the Gods', 5, NULL, 1632, '4cf4ba9f-47d6-53f2-bcbd-bd934ba58363', 'f86bef4b-e5ae-57c7-b0e4-f947ef4a6085');
INSERT INTO song (id, path, content_hash, mtime, name, track_number, disc_number, duration_ms, artist_id, album_id) VALUES ('9549c815-2052-5981-aded-90da1da00052', '/app/media/Æther Realm/One Chosen by the Gods/06 - Ravensong.mp3', '6122bc1e8a0a33203791a3fc116d7a221aad97ceddea514e84f37e7a9e5d0854', 1784522386523, 'Ravensong', 6, NULL, 1632, NULL, 'f8e09f01-580e-59b6-89cc-71b39aa89777');
INSERT INTO song (id, path, content_hash, mtime, name, track_number, disc_number, duration_ms, artist_id, album_id) VALUES ('80647fdd-3be2-5028-97d1-a753cf82efee', '/app/media/Æther Realm/One Chosen by the Gods/07 - Winter''s Grasp.mp3', '80e0609afd927dcdf274b592f34acdfce6c2852c77081a7818fc0e079eaa7278', 1784522386523, 'Winter''s Grasp', 7, NULL, 1632, NULL, 'f8e09f01-580e-59b6-89cc-71b39aa89777');
INSERT INTO song (id, path, content_hash, mtime, name, track_number, disc_number, duration_ms, artist_id, album_id) VALUES ('831aedd3-fc47-54e3-8c54-048a876e3dd9', '/app/media/Æther Realm/One Chosen by the Gods/08 - Odin Will Provide.mp3', '0f46e97998f6bcd7e7e856b210e9d7b614627f60950fdb8f681e9284a317af33', 1784522386523, 'Odin Will Provide', 8, NULL, 1632, NULL, 'f8e09f01-580e-59b6-89cc-71b39aa89777');
INSERT INTO song (id, path, content_hash, mtime, name, track_number, disc_number, duration_ms, artist_id, album_id) VALUES ('3d6abd3c-407c-5f39-a760-c862d86cc1d4', '/app/media/Æther Realm/One Chosen by the Gods/09 - Oak.mp3', '2aa29b3eada3c3c047a7309e2a053c8d1e49507c8c02e946cb38cecea53d1d21', 1784522386523, 'Oak', 9, NULL, 1632, NULL, 'f8e09f01-580e-59b6-89cc-71b39aa89777');
INSERT INTO song (id, path, content_hash, mtime, name, track_number, disc_number, duration_ms, artist_id, album_id) VALUES ('a87a5382-8edc-5452-8b08-a76caf0b02ec', '/app/media/Æther Realm/Redneck Vikings from Hell/01 Redneck Vikings from Hell.mp3', 'b745d26d054e84a36b729c2b7ce4d6e5ec4e1338c0b16bb271b480400934b46f', 1784522386523, 'Redneck Vikings from Hell', 1, NULL, 1632, '4cf4ba9f-47d6-53f2-bcbd-bd934ba58363', 'bb197d3f-02cc-5b1d-9ec0-c6ba5dfe1323');
INSERT INTO song (id, path, content_hash, mtime, name, track_number, disc_number, duration_ms, artist_id, album_id) VALUES ('ed8b6133-dd44-54d5-92b1-08a73f68f414', '/app/media/Æther Realm/Redneck Vikings from Hell/02 Goodbye.mp3', '392372d6556448c59f152d630509f88441b885cdbadbca383337d7b29e9a6078', 1784522386533, 'Goodbye', 2, NULL, 1632, '4cf4ba9f-47d6-53f2-bcbd-bd934ba58363', 'bb197d3f-02cc-5b1d-9ec0-c6ba5dfe1323');
INSERT INTO song (id, path, content_hash, mtime, name, track_number, disc_number, duration_ms, artist_id, album_id) VALUES ('cdafde52-fdcd-5785-baba-06debbb3a9c5', '/app/media/Æther Realm/Redneck Vikings from Hell/03 Lean Into the Wind.mp3', '17743e278d6091af7d1b18dcca8f1683900e73dcb87a92b9b52af68d22d8203d', 1784522386533, 'Lean Into the Wind', 3, NULL, 1632, '4cf4ba9f-47d6-53f2-bcbd-bd934ba58363', 'bb197d3f-02cc-5b1d-9ec0-c6ba5dfe1323');
INSERT INTO song (id, path, content_hash, mtime, name, track_number, disc_number, duration_ms, artist_id, album_id) VALUES ('04aabbc2-7618-5142-9bf2-2bf287915e6d', '/app/media/Æther Realm/Redneck Vikings from Hell/04 Hunger.mp3', '92edc524b5eaa808d46e33b4c8a29a0deaff864d16fb0ac01de9e8a5da1bad77', 1784522386533, 'Hunger', 4, NULL, 1632, '4cf4ba9f-47d6-53f2-bcbd-bd934ba58363', 'bb197d3f-02cc-5b1d-9ec0-c6ba5dfe1323');
INSERT INTO song (id, path, content_hash, mtime, name, track_number, disc_number, duration_ms, artist_id, album_id) VALUES ('fce6b4cc-f379-5c97-945d-0a1423273457', '/app/media/Æther Realm/Redneck Vikings from Hell/05 Guardian.mp3', '80d0d027e9c2203d187c660370b3e3ba173d1496ec87133154836eb868890a4e', 1784522386533, 'Guardian', 5, NULL, 1632, '4cf4ba9f-47d6-53f2-bcbd-bd934ba58363', 'bb197d3f-02cc-5b1d-9ec0-c6ba5dfe1323');
INSERT INTO song (id, path, content_hash, mtime, name, track_number, disc_number, duration_ms, artist_id, album_id) VALUES ('bcc53b5f-7f88-59df-92a3-57677b050d11', '/app/media/Æther Realm/Redneck Vikings from Hell/06 One Hollow Word.mp3', '035d96e4a2cd203023744de3bab85fef5d0cb5cd736f0ff8581ed46c8c4d304e', 1784522386533, 'One Hollow Word', 6, NULL, 1632, '4cf4ba9f-47d6-53f2-bcbd-bd934ba58363', 'bb197d3f-02cc-5b1d-9ec0-c6ba5dfe1323');
INSERT INTO song (id, path, content_hash, mtime, name, track_number, disc_number, duration_ms, artist_id, album_id) VALUES ('ea351b41-5918-551d-9903-f058acc12dbb', '/app/media/Æther Realm/Redneck Vikings from Hell/07 She''s Back.mp3', '2472154144d40eb7b7b6f6c301d1e468f2baeceae9e6c9ba73bfa8f0d7300f2c', 1784522386533, 'She''s Back', 7, NULL, 1632, '4cf4ba9f-47d6-53f2-bcbd-bd934ba58363', 'bb197d3f-02cc-5b1d-9ec0-c6ba5dfe1323');
INSERT INTO song (id, path, content_hash, mtime, name, track_number, disc_number, duration_ms, artist_id, album_id) VALUES ('e446c295-b351-5330-b0eb-d1d26a2ba425', '/app/media/Æther Realm/Redneck Vikings from Hell/08 Slave to the Riff.mp3', 'a3784bd99c1873bbbd77472abc2ff805db1de3d5d6f8dfe12c4cb8e702cc2931', 1784522386533, 'Slave to the Riff', 8, NULL, 1632, '4cf4ba9f-47d6-53f2-bcbd-bd934ba58363', 'bb197d3f-02cc-5b1d-9ec0-c6ba5dfe1323');
INSERT INTO song (id, path, content_hash, mtime, name, track_number, disc_number, duration_ms, artist_id, album_id) VALUES ('d3235d40-ebdb-5deb-9181-27dd5d290b85', '/app/media/Æther Realm/Redneck Vikings from Hell/09 Cycle.mp3', 'fe25a5a350d201d3f40f2392b16d41109fe6b8dcef833c7da25315104e01ebf4', 1784522386533, 'Cycle', 9, NULL, 1632, '4cf4ba9f-47d6-53f2-bcbd-bd934ba58363', 'bb197d3f-02cc-5b1d-9ec0-c6ba5dfe1323');
INSERT INTO song (id, path, content_hash, mtime, name, track_number, disc_number, duration_ms, artist_id, album_id) VALUES ('3115f564-dade-5c68-ac53-a029e8b6f051', '/app/media/Æther Realm/Redneck Vikings from Hell/10 TMHC.mp3', '01055f1f6e79db447ab23a316026e1600abd9b4dd76cf104cc4ce21fda1eadfc', 1784522386533, 'TMHC', 10, NULL, 1632, '4cf4ba9f-47d6-53f2-bcbd-bd934ba58363', 'bb197d3f-02cc-5b1d-9ec0-c6ba5dfe1323');
INSERT INTO song (id, path, content_hash, mtime, name, track_number, disc_number, duration_ms, artist_id, album_id) VALUES ('41497d9b-6502-57df-bad1-4629fe72c8aa', '/app/media/Æther Realm/Redneck Vikings from Hell/11 Craft and the Creator.mp3', '3a32be96f388f2e1766f5c4334fd8148e1d12facaebaa1481360241be86ae425', 1784522386533, 'Craft and the Creator', 11, NULL, 1632, '4cf4ba9f-47d6-53f2-bcbd-bd934ba58363', 'bb197d3f-02cc-5b1d-9ec0-c6ba5dfe1323');
INSERT INTO song (id, path, content_hash, mtime, name, track_number, disc_number, duration_ms, artist_id, album_id) VALUES ('18fe4572-e96b-582a-9a23-9c6eea59399e', '/app/media/Æther Realm/Tarot/Aether Realm - Tarot - 01 The Fool.mp3', '361145403b849ab6a571f309c3e78bcb8807f6786735f2a843443ab3f9740473', 1784522386533, 'The Fool', 1, NULL, 1632, '4cf4ba9f-47d6-53f2-bcbd-bd934ba58363', '0c2174ad-4c2c-5a70-9d2e-b6a0af2a932f');
INSERT INTO song (id, path, content_hash, mtime, name, track_number, disc_number, duration_ms, artist_id, album_id) VALUES ('e96bf73d-0819-52fe-838c-0472d09e45cc', '/app/media/Æther Realm/Tarot/Aether Realm - Tarot - 02 Tarot.mp3', '4b5f7a9d2121fa48a9d20a5a7902a51621126cf33bfb142860d0e6e7cb906fde', 1784522386533, 'Tarot', 2, NULL, 1632, '4cf4ba9f-47d6-53f2-bcbd-bd934ba58363', '0c2174ad-4c2c-5a70-9d2e-b6a0af2a932f');
INSERT INTO song (id, path, content_hash, mtime, name, track_number, disc_number, duration_ms, artist_id, album_id) VALUES ('5305dafd-894f-543f-80e5-e1d6d60d092a', '/app/media/Æther Realm/Tarot/Aether Realm - Tarot - 03 The Tower.mp3', 'fa18830814414328452ac76f3c216e1d7b5040bf8bdea86ca0a80c814edec04b', 1784522386533, 'The Tower', 3, NULL, 1632, '4cf4ba9f-47d6-53f2-bcbd-bd934ba58363', '0c2174ad-4c2c-5a70-9d2e-b6a0af2a932f');
INSERT INTO song (id, path, content_hash, mtime, name, track_number, disc_number, duration_ms, artist_id, album_id) VALUES ('0bde80f8-3bec-5118-b8e6-98651845a9fa', '/app/media/Æther Realm/Tarot/Aether Realm - Tarot - 04 King of Cups.mp3', '9c64ab730a6b0b879b38e6de41a4e3e6e9ab9cc8c756117e5104cac78f96429b', 1784522386533, 'King of Cups', 4, NULL, 1632, '4cf4ba9f-47d6-53f2-bcbd-bd934ba58363', '0c2174ad-4c2c-5a70-9d2e-b6a0af2a932f');
INSERT INTO song (id, path, content_hash, mtime, name, track_number, disc_number, duration_ms, artist_id, album_id) VALUES ('68ee57a6-c074-5485-aafa-497c3bbd330b', '/app/media/Æther Realm/Tarot/Aether Realm - Tarot - 05 Death.mp3', '5b8613b9f567729bfac8bb41c1172b9557735a8a334c8d9d55c396b1b908b5f8', 1784522386533, 'Death', 5, NULL, 1632, '4cf4ba9f-47d6-53f2-bcbd-bd934ba58363', '0c2174ad-4c2c-5a70-9d2e-b6a0af2a932f');
INSERT INTO song (id, path, content_hash, mtime, name, track_number, disc_number, duration_ms, artist_id, album_id) VALUES ('fb5cf5aa-8bb6-5d23-b435-604f03e00aba', '/app/media/Æther Realm/Tarot/Aether Realm - Tarot - 06 The Chariot.mp3', '6dcf2477930ef724326ea9e7cf264270daaf2712569d8d28aedf6e1d0f5ddf72', 1784522386533, 'The Chariot', 6, NULL, 1632, '4cf4ba9f-47d6-53f2-bcbd-bd934ba58363', '0c2174ad-4c2c-5a70-9d2e-b6a0af2a932f');
INSERT INTO song (id, path, content_hash, mtime, name, track_number, disc_number, duration_ms, artist_id, album_id) VALUES ('51517db2-75e5-5750-9c8d-295eb105d626', '/app/media/Æther Realm/Tarot/Aether Realm - Tarot - 07 The Devil.mp3', '89bb30e59360fb6875fd50cb3faf9542b827fbf8fad15407c1bd34920ba8aef8', 1784522386533, 'The Devil', 7, NULL, 1632, '4cf4ba9f-47d6-53f2-bcbd-bd934ba58363', '0c2174ad-4c2c-5a70-9d2e-b6a0af2a932f');
INSERT INTO song (id, path, content_hash, mtime, name, track_number, disc_number, duration_ms, artist_id, album_id) VALUES ('ec213ae8-12bc-5efe-aa70-ce468d8150d7', '/app/media/Æther Realm/Tarot/Aether Realm - Tarot - 08 The Emperor.mp3', 'c9aef7f25228b84e4f0608eb6725b0702a349d3698d880cbc5b5bc0cdc49c4fa', 1784522386533, 'The Emperor', 8, NULL, 1632, '4cf4ba9f-47d6-53f2-bcbd-bd934ba58363', '0c2174ad-4c2c-5a70-9d2e-b6a0af2a932f');
INSERT INTO song (id, path, content_hash, mtime, name, track_number, disc_number, duration_ms, artist_id, album_id) VALUES ('8761f947-9a80-5cf3-ae9e-84a3333139af', '/app/media/Æther Realm/Tarot/Aether Realm - Tarot - 09 Strength.mp3', '67adb56ed65b382453b71339ee3645fbf19e3ca6be4dfb4968571818c0657939', 1784522386533, 'Strength', 9, NULL, 1632, '4cf4ba9f-47d6-53f2-bcbd-bd934ba58363', '0c2174ad-4c2c-5a70-9d2e-b6a0af2a932f');
INSERT INTO song (id, path, content_hash, mtime, name, track_number, disc_number, duration_ms, artist_id, album_id) VALUES ('8bf32223-8231-5896-8165-76fa44586136', '/app/media/Æther Realm/Tarot/Aether Realm - Tarot - 10 Temperance.mp3', '09ac3d1f4f5614d5eeaeb08dfa73871b3034e57268a5d7cebbe6364a9d1e4553', 1784522386533, 'Temperance', 10, NULL, 1632, '4cf4ba9f-47d6-53f2-bcbd-bd934ba58363', '0c2174ad-4c2c-5a70-9d2e-b6a0af2a932f');
INSERT INTO song (id, path, content_hash, mtime, name, track_number, disc_number, duration_ms, artist_id, album_id) VALUES ('4931ec74-6cba-55dc-81b3-1fcdd62421a3', '/app/media/Æther Realm/Tarot/Aether Realm - Tarot - 11 The Sun, The Moon, The Star.mp3', '2a127340023a96b86b5e6e88e63451bb72020de280cb032948f6f07c048de014', 1784522386533, 'The Sun, The Moon, The Star', 11, NULL, 1632, '4cf4ba9f-47d6-53f2-bcbd-bd934ba58363', '0c2174ad-4c2c-5a70-9d2e-b6a0af2a932f');
INSERT INTO song (id, path, content_hash, mtime, name, track_number, disc_number, duration_ms, artist_id, album_id) VALUES ('761ac125-6285-59bb-8e6f-86cc7fa5929f', '/app/media/Æther Realm/The Chariot/Aether Realm - The Chariot.mp3', '1790824df71f325d0f21194d953182db4d73546bbaa7553c780f0a4deb752f7b', 1784522386533, 'The Chariot', NULL, NULL, 1632, '4cf4ba9f-47d6-53f2-bcbd-bd934ba58363', '63e1730a-0e2c-57e0-9c1a-a14c8d430abb');
INSERT INTO song (id, path, content_hash, mtime, name, track_number, disc_number, duration_ms, artist_id, album_id) VALUES ('851b27be-eb31-531f-81da-a9fd26145b38', '/app/media/Æther Realm/The Magician/01 - The Magician.mp3', '08963643eadcb2e233d8044d8f3d33adc97f044569ec84fcdfcfb102d05ed08a', 1784522386533, 'The Magician', 1, NULL, 1632, NULL, '1f4b215a-0aa5-5d30-aa09-b1eefb149f49');
INSERT INTO song_genre (song_id, genre_id) VALUES ('709ec66c-4c32-5607-a487-ca459f452719', 'a67ab3bc-870e-5c48-88ac-88a32d0bc71a');
INSERT INTO song_genre (song_id, genre_id) VALUES ('dd4a2f4d-afed-5fb9-aa81-7e43cd3be878', 'a67ab3bc-870e-5c48-88ac-88a32d0bc71a');
INSERT INTO song_genre (song_id, genre_id) VALUES ('ab2020bf-a594-5e3a-9b6a-1b2e9b2fc93a', 'a67ab3bc-870e-5c48-88ac-88a32d0bc71a');
INSERT INTO song_genre (song_id, genre_id) VALUES ('95374b5a-ba3c-5164-8abb-2b61efc1210d', 'a67ab3bc-870e-5c48-88ac-88a32d0bc71a');
INSERT INTO song_genre (song_id, genre_id) VALUES ('7570da54-c34e-522e-ac75-1ec7f3a419ff', 'a67ab3bc-870e-5c48-88ac-88a32d0bc71a');
INSERT INTO song_genre (song_id, genre_id) VALUES ('4650091b-a6fa-5e3f-b49e-9b75e3c89a16', 'a67ab3bc-870e-5c48-88ac-88a32d0bc71a');
INSERT INTO song_genre (song_id, genre_id) VALUES ('d6398315-4dc5-5d8d-9e0f-ff5f9eb303a0', 'a67ab3bc-870e-5c48-88ac-88a32d0bc71a');
INSERT INTO song_genre (song_id, genre_id) VALUES ('11ebc5c1-71a4-52bf-ac79-f65fcf161ab9', 'a67ab3bc-870e-5c48-88ac-88a32d0bc71a');
INSERT INTO song_genre (song_id, genre_id) VALUES ('384b25c8-4b89-5efd-bc59-ef277538f63b', 'a67ab3bc-870e-5c48-88ac-88a32d0bc71a');
INSERT INTO song_genre (song_id, genre_id) VALUES ('d21d9eb2-39bb-5c9d-8515-81aea61b4e7b', 'a67ab3bc-870e-5c48-88ac-88a32d0bc71a');
INSERT INTO song_genre (song_id, genre_id) VALUES ('766f1b98-5f74-5811-b750-95d17059ffe5', 'ce0abca0-9b24-5b3b-97b8-72e9487afba2');
INSERT INTO song_genre (song_id, genre_id) VALUES ('69e89293-45c8-5a43-85a8-126d04cc08cc', 'ce0abca0-9b24-5b3b-97b8-72e9487afba2');
INSERT INTO song_genre (song_id, genre_id) VALUES ('a3c830f6-0d2c-5d15-8750-b8248a3d87f8', 'ce0abca0-9b24-5b3b-97b8-72e9487afba2');
INSERT INTO song_genre (song_id, genre_id) VALUES ('fc72ab1f-1e5b-51b1-bbfc-06ad8ffdd9f7', 'ce0abca0-9b24-5b3b-97b8-72e9487afba2');
INSERT INTO song_genre (song_id, genre_id) VALUES ('f6a823da-0578-5d97-a5c6-e0f6d108553b', 'ce0abca0-9b24-5b3b-97b8-72e9487afba2');
INSERT INTO song_genre (song_id, genre_id) VALUES ('fea3dd25-7afe-50b8-a6e4-42db4324efca', 'ce0abca0-9b24-5b3b-97b8-72e9487afba2');
INSERT INTO song_genre (song_id, genre_id) VALUES ('8d7b1d51-a523-593b-9c46-971a64f6d0d3', 'ce0abca0-9b24-5b3b-97b8-72e9487afba2');
INSERT INTO song_genre (song_id, genre_id) VALUES ('d59d9ff1-cf98-5e16-b4b0-e63c419b83d4', 'ce0abca0-9b24-5b3b-97b8-72e9487afba2');
INSERT INTO song_genre (song_id, genre_id) VALUES ('d5c7cb83-8237-5a09-b336-ff375b86ba31', 'ce0abca0-9b24-5b3b-97b8-72e9487afba2');
INSERT INTO song_genre (song_id, genre_id) VALUES ('518f5039-ba0b-50cd-afab-5452dc5c4eb8', 'ce0abca0-9b24-5b3b-97b8-72e9487afba2');
INSERT INTO song_genre (song_id, genre_id) VALUES ('944c1b25-7a0d-51a4-aa88-a3febe1f86db', 'ce0abca0-9b24-5b3b-97b8-72e9487afba2');
INSERT INTO song_genre (song_id, genre_id) VALUES ('b6c40cfa-17e4-5686-a50e-09683954f5c1', 'a67ab3bc-870e-5c48-88ac-88a32d0bc71a');
INSERT INTO song_genre (song_id, genre_id) VALUES ('3b93d7a0-f79a-5526-bc77-144229e92692', 'a67ab3bc-870e-5c48-88ac-88a32d0bc71a');
INSERT INTO song_genre (song_id, genre_id) VALUES ('e1302c6c-dd2d-5255-a8d9-5f43c4e2fa3b', 'a67ab3bc-870e-5c48-88ac-88a32d0bc71a');
INSERT INTO song_genre (song_id, genre_id) VALUES ('b09929ad-b8ad-50fd-88c6-3c3e972b82fc', 'a67ab3bc-870e-5c48-88ac-88a32d0bc71a');
INSERT INTO song_genre (song_id, genre_id) VALUES ('c02b2109-aa73-5e5c-a9ae-e772da5fcd6f', 'a67ab3bc-870e-5c48-88ac-88a32d0bc71a');
INSERT INTO song_genre (song_id, genre_id) VALUES ('7f800b46-8ff0-51d7-8e54-5e0b9c32c968', 'a67ab3bc-870e-5c48-88ac-88a32d0bc71a');
INSERT INTO song_genre (song_id, genre_id) VALUES ('3263995b-9598-59f3-8a03-823b16d20cb0', 'a67ab3bc-870e-5c48-88ac-88a32d0bc71a');
INSERT INTO song_genre (song_id, genre_id) VALUES ('9d425f1c-24cd-5ee1-bf3f-b26dbe5b1c03', 'a67ab3bc-870e-5c48-88ac-88a32d0bc71a');
INSERT INTO song_genre (song_id, genre_id) VALUES ('bd0c91ae-b421-5926-8d14-e950370d7f4f', 'a67ab3bc-870e-5c48-88ac-88a32d0bc71a');
INSERT INTO song_genre (song_id, genre_id) VALUES ('89866bbb-9400-5362-95f9-f4fb2fcab0bd', 'a67ab3bc-870e-5c48-88ac-88a32d0bc71a');
INSERT INTO song_genre (song_id, genre_id) VALUES ('6960063a-fffb-59c5-bfe8-b4defbd53cf1', 'a67ab3bc-870e-5c48-88ac-88a32d0bc71a');
INSERT INTO song_genre (song_id, genre_id) VALUES ('93af09f8-d4cc-5bb5-9b12-7e057aeed255', 'a67ab3bc-870e-5c48-88ac-88a32d0bc71a');
INSERT INTO song_genre (song_id, genre_id) VALUES ('5ce3b0a9-d5b6-5ef2-9792-38c79f6b3d3c', '8261ce61-cafb-59f2-b678-b8a80f95f3d4');
INSERT INTO song_genre (song_id, genre_id) VALUES ('7b2ed338-1031-5dc1-893c-57fb1d95cdc1', '8261ce61-cafb-59f2-b678-b8a80f95f3d4');
INSERT INTO song_genre (song_id, genre_id) VALUES ('6a56f7fc-bc39-5f25-8694-ad1d21e1e994', '8261ce61-cafb-59f2-b678-b8a80f95f3d4');
INSERT INTO song_genre (song_id, genre_id) VALUES ('0db360ff-b8f8-549e-b9cd-a131f7950c07', '8261ce61-cafb-59f2-b678-b8a80f95f3d4');
INSERT INTO song_genre (song_id, genre_id) VALUES ('509935bb-9412-5aae-bd62-ba4aff9bb16b', '8261ce61-cafb-59f2-b678-b8a80f95f3d4');
INSERT INTO song_genre (song_id, genre_id) VALUES ('cb7c9b8d-f738-5749-8d01-de31980eabfb', '8261ce61-cafb-59f2-b678-b8a80f95f3d4');
INSERT INTO song_genre (song_id, genre_id) VALUES ('1a2c011f-8f26-5e74-a6d1-8d94f3c0d681', '8261ce61-cafb-59f2-b678-b8a80f95f3d4');
INSERT INTO song_genre (song_id, genre_id) VALUES ('b388339c-1e52-5a3f-b1f5-0f7b671d9dbb', '8261ce61-cafb-59f2-b678-b8a80f95f3d4');
INSERT INTO song_genre (song_id, genre_id) VALUES ('932ec72e-1a04-547e-ae64-01fcb6c978fb', '8261ce61-cafb-59f2-b678-b8a80f95f3d4');
INSERT INTO song_genre (song_id, genre_id) VALUES ('a2bf5c6d-cf91-5b8e-87c6-d9d530ac4cbf', '8261ce61-cafb-59f2-b678-b8a80f95f3d4');
INSERT INTO song_genre (song_id, genre_id) VALUES ('047a1f36-55eb-57a5-a8d8-f94c1caef19a', '8261ce61-cafb-59f2-b678-b8a80f95f3d4');
INSERT INTO song_genre (song_id, genre_id) VALUES ('067b1d3c-e0a2-5284-864d-fa2ff62d7a60', '8261ce61-cafb-59f2-b678-b8a80f95f3d4');
INSERT INTO song_genre (song_id, genre_id) VALUES ('21319fa3-bd21-58ef-b84e-ba17941e77fb', '8261ce61-cafb-59f2-b678-b8a80f95f3d4');
INSERT INTO song_genre (song_id, genre_id) VALUES ('b096e6b2-bfd3-5d83-925f-7a006bceec46', '8261ce61-cafb-59f2-b678-b8a80f95f3d4');
INSERT INTO song_genre (song_id, genre_id) VALUES ('65ef116c-2c12-57df-bc4d-66df5fd24e83', '8261ce61-cafb-59f2-b678-b8a80f95f3d4');
INSERT INTO song_genre (song_id, genre_id) VALUES ('3fb931c1-00b3-50a8-8a32-96e0e4c411c7', '8261ce61-cafb-59f2-b678-b8a80f95f3d4');
INSERT INTO song_genre (song_id, genre_id) VALUES ('52413c7c-99e6-563e-a59f-fcd73b3c5f7f', '8261ce61-cafb-59f2-b678-b8a80f95f3d4');
INSERT INTO song_genre (song_id, genre_id) VALUES ('fc94a7e1-885e-5582-9a64-771b696a9e3f', '8261ce61-cafb-59f2-b678-b8a80f95f3d4');
INSERT INTO song_genre (song_id, genre_id) VALUES ('def1fff6-5b4e-5b3f-a2cc-5ce83225a190', '8261ce61-cafb-59f2-b678-b8a80f95f3d4');
INSERT INTO song_genre (song_id, genre_id) VALUES ('c7c62efb-2744-5c7a-899b-ca9ef1c6a0fd', '8261ce61-cafb-59f2-b678-b8a80f95f3d4');
INSERT INTO song_genre (song_id, genre_id) VALUES ('4e2475ea-abff-5dc1-a93f-d0cd84131867', '8261ce61-cafb-59f2-b678-b8a80f95f3d4');
INSERT INTO song_genre (song_id, genre_id) VALUES ('303e7fe6-ce83-54d5-aa48-7f2d02e0d668', '8261ce61-cafb-59f2-b678-b8a80f95f3d4');
INSERT INTO song_genre (song_id, genre_id) VALUES ('69478e96-6357-5128-a10a-3f18f85ee572', '8261ce61-cafb-59f2-b678-b8a80f95f3d4');
INSERT INTO song_genre (song_id, genre_id) VALUES ('b0024106-4216-59ab-9f9e-5bca2bfc356e', '8261ce61-cafb-59f2-b678-b8a80f95f3d4');
INSERT INTO song_genre (song_id, genre_id) VALUES ('b3fbab10-bbb5-5520-bc8b-3c365d5b7b86', '8261ce61-cafb-59f2-b678-b8a80f95f3d4');
INSERT INTO song_genre (song_id, genre_id) VALUES ('47f128b7-264b-5af1-ac32-0a247d1a1f4e', '8261ce61-cafb-59f2-b678-b8a80f95f3d4');
INSERT INTO song_genre (song_id, genre_id) VALUES ('c660d995-17e3-5d5c-b89a-d8e558c224a4', '8261ce61-cafb-59f2-b678-b8a80f95f3d4');
INSERT INTO song_genre (song_id, genre_id) VALUES ('a7de12ed-8a34-5e7d-90f1-55c5eeffa3db', '8261ce61-cafb-59f2-b678-b8a80f95f3d4');
INSERT INTO song_genre (song_id, genre_id) VALUES ('644e4bd4-a831-5325-91e0-2f6c0724306b', '8261ce61-cafb-59f2-b678-b8a80f95f3d4');
INSERT INTO song_genre (song_id, genre_id) VALUES ('3e11ab4a-94f5-584b-8fc5-d020db1e54de', '8261ce61-cafb-59f2-b678-b8a80f95f3d4');
INSERT INTO song_genre (song_id, genre_id) VALUES ('eb92561e-739a-5846-a156-4ef5d1ee8418', '8261ce61-cafb-59f2-b678-b8a80f95f3d4');
INSERT INTO song_genre (song_id, genre_id) VALUES ('3ba4124d-041d-5636-bd9d-0e05e49aa850', 'a67ab3bc-870e-5c48-88ac-88a32d0bc71a');
INSERT INTO song_genre (song_id, genre_id) VALUES ('a0f24cac-cba9-5f4c-9da3-141dfba5c091', 'a67ab3bc-870e-5c48-88ac-88a32d0bc71a');
INSERT INTO song_genre (song_id, genre_id) VALUES ('ed0eae83-40df-5e01-b2ac-922c1d8628d6', 'a67ab3bc-870e-5c48-88ac-88a32d0bc71a');
INSERT INTO song_genre (song_id, genre_id) VALUES ('fc38300d-1d67-5b1b-a853-948eed60f5cc', 'a67ab3bc-870e-5c48-88ac-88a32d0bc71a');
INSERT INTO song_genre (song_id, genre_id) VALUES ('2491c6c1-738e-57fb-9af5-2533545d8240', 'a67ab3bc-870e-5c48-88ac-88a32d0bc71a');
INSERT INTO song_genre (song_id, genre_id) VALUES ('cf10d3ae-556a-5134-8013-1b0569a48280', 'a67ab3bc-870e-5c48-88ac-88a32d0bc71a');
INSERT INTO song_genre (song_id, genre_id) VALUES ('247337a9-ae47-539b-b05a-78213e139f28', 'a67ab3bc-870e-5c48-88ac-88a32d0bc71a');
INSERT INTO song_genre (song_id, genre_id) VALUES ('008b061e-8528-5e19-acfe-8e5bc0fabf34', 'a67ab3bc-870e-5c48-88ac-88a32d0bc71a');
INSERT INTO song_genre (song_id, genre_id) VALUES ('7056721a-cf51-55b0-af7f-5e5befafc789', '8261ce61-cafb-59f2-b678-b8a80f95f3d4');
INSERT INTO song_genre (song_id, genre_id) VALUES ('c22be6c7-6775-537b-a309-b8ec0a236b36', '8261ce61-cafb-59f2-b678-b8a80f95f3d4');
INSERT INTO song_genre (song_id, genre_id) VALUES ('5f4064ba-68ee-511f-af5f-dd55246634b6', '8261ce61-cafb-59f2-b678-b8a80f95f3d4');
INSERT INTO song_genre (song_id, genre_id) VALUES ('110fd3f9-3385-5382-98bd-7b7cbaa21e58', '8261ce61-cafb-59f2-b678-b8a80f95f3d4');
INSERT INTO song_genre (song_id, genre_id) VALUES ('745f8bf1-c60a-5b92-9a9c-366414be1147', '8261ce61-cafb-59f2-b678-b8a80f95f3d4');
INSERT INTO song_genre (song_id, genre_id) VALUES ('9deb1607-1661-5567-8dcf-02c2c2bbd74c', '8261ce61-cafb-59f2-b678-b8a80f95f3d4');
INSERT INTO song_genre (song_id, genre_id) VALUES ('667a5c96-e501-51af-9210-c1da1d77b20c', '8261ce61-cafb-59f2-b678-b8a80f95f3d4');
INSERT INTO song_genre (song_id, genre_id) VALUES ('0e3bc43f-2ef4-5a10-a4f2-12139c7e424b', '8261ce61-cafb-59f2-b678-b8a80f95f3d4');
INSERT INTO song_genre (song_id, genre_id) VALUES ('0713d73f-255e-59f7-ad4a-5e6a19cb40d0', '8261ce61-cafb-59f2-b678-b8a80f95f3d4');
INSERT INTO song_genre (song_id, genre_id) VALUES ('b0168d4a-f011-510d-984a-fd0eef790a85', '8261ce61-cafb-59f2-b678-b8a80f95f3d4');
INSERT INTO song_genre (song_id, genre_id) VALUES ('18d87d40-7c2e-59ff-ae31-73012a76866b', 'a67ab3bc-870e-5c48-88ac-88a32d0bc71a');
INSERT INTO song_genre (song_id, genre_id) VALUES ('2c04c588-db3a-50d2-8327-3b186f1cb92a', 'a67ab3bc-870e-5c48-88ac-88a32d0bc71a');
INSERT INTO song_genre (song_id, genre_id) VALUES ('f27f2631-981f-59d5-b0f6-83cbaa9fcd6f', 'a67ab3bc-870e-5c48-88ac-88a32d0bc71a');
INSERT INTO song_genre (song_id, genre_id) VALUES ('52ec7a6d-9cd8-5d0c-967f-f6e5eb92115a', 'a67ab3bc-870e-5c48-88ac-88a32d0bc71a');
INSERT INTO song_genre (song_id, genre_id) VALUES ('346d44c6-2895-536d-951e-bd2c88dc001e', 'a67ab3bc-870e-5c48-88ac-88a32d0bc71a');
INSERT INTO song_genre (song_id, genre_id) VALUES ('6d9132bb-bd7a-5a7d-a031-b6e4d8d1a23b', 'a67ab3bc-870e-5c48-88ac-88a32d0bc71a');
INSERT INTO song_genre (song_id, genre_id) VALUES ('5564c17e-6e98-51d1-a819-317db1695b8f', 'a67ab3bc-870e-5c48-88ac-88a32d0bc71a');
INSERT INTO song_genre (song_id, genre_id) VALUES ('5396f61e-b79d-5276-9457-686d76adcb9e', 'a67ab3bc-870e-5c48-88ac-88a32d0bc71a');
INSERT INTO song_genre (song_id, genre_id) VALUES ('d5807d68-780d-5af2-ad10-45211e6311b5', 'a67ab3bc-870e-5c48-88ac-88a32d0bc71a');
INSERT INTO song_genre (song_id, genre_id) VALUES ('c51e057d-7a98-5c8f-898d-7d82437f2035', 'a67ab3bc-870e-5c48-88ac-88a32d0bc71a');
INSERT INTO song_genre (song_id, genre_id) VALUES ('3a3f66bf-ce2d-512c-871e-b3818e06fb47', 'a67ab3bc-870e-5c48-88ac-88a32d0bc71a');
INSERT INTO song_genre (song_id, genre_id) VALUES ('3d3679e5-462e-5685-9d8b-9cef2fb3cb1f', 'a67ab3bc-870e-5c48-88ac-88a32d0bc71a');
INSERT INTO song_genre (song_id, genre_id) VALUES ('e05a1be2-2c05-5d1a-9e99-e5b10d49f37b', 'a67ab3bc-870e-5c48-88ac-88a32d0bc71a');
INSERT INTO song_genre (song_id, genre_id) VALUES ('09559c65-7dac-506a-a064-6051cc5f4f76', 'a67ab3bc-870e-5c48-88ac-88a32d0bc71a');
INSERT INTO song_genre (song_id, genre_id) VALUES ('18a87ae7-4aef-5075-8caf-9fc797e296e9', 'a67ab3bc-870e-5c48-88ac-88a32d0bc71a');
INSERT INTO song_genre (song_id, genre_id) VALUES ('c400b083-d114-5531-a1a3-0d57a4f93261', 'a67ab3bc-870e-5c48-88ac-88a32d0bc71a');
INSERT INTO song_genre (song_id, genre_id) VALUES ('1f826b17-76da-5cfa-96ef-72b2f70ee128', 'a67ab3bc-870e-5c48-88ac-88a32d0bc71a');
INSERT INTO song_genre (song_id, genre_id) VALUES ('a4238aad-d78d-55a2-a5a0-ed2ecb59a103', 'a67ab3bc-870e-5c48-88ac-88a32d0bc71a');
INSERT INTO song_genre (song_id, genre_id) VALUES ('5e6a5373-6ca0-53c8-9237-42328e60bc26', 'a67ab3bc-870e-5c48-88ac-88a32d0bc71a');
INSERT INTO song_genre (song_id, genre_id) VALUES ('09be6e66-f94e-5be7-b8dc-1b9cadd1453e', 'a67ab3bc-870e-5c48-88ac-88a32d0bc71a');
INSERT INTO song_genre (song_id, genre_id) VALUES ('279a279b-13c2-559d-8af3-b455860ad8e3', 'a67ab3bc-870e-5c48-88ac-88a32d0bc71a');
INSERT INTO song_genre (song_id, genre_id) VALUES ('a0fafb19-7784-55f1-9537-a83e0d955d92', 'a67ab3bc-870e-5c48-88ac-88a32d0bc71a');
INSERT INTO song_genre (song_id, genre_id) VALUES ('f9e156c3-b450-52ee-bde7-46826391c4ee', 'a67ab3bc-870e-5c48-88ac-88a32d0bc71a');
INSERT INTO song_genre (song_id, genre_id) VALUES ('18723c84-b853-57cf-837c-28ffbab0b085', 'a67ab3bc-870e-5c48-88ac-88a32d0bc71a');
INSERT INTO song_genre (song_id, genre_id) VALUES ('3d9a0d12-4e49-59f6-abdb-0de5eb7d288e', 'a67ab3bc-870e-5c48-88ac-88a32d0bc71a');
INSERT INTO song_genre (song_id, genre_id) VALUES ('2baf106f-a0e4-5a24-813b-f00e6ad22cef', 'a67ab3bc-870e-5c48-88ac-88a32d0bc71a');
INSERT INTO song_genre (song_id, genre_id) VALUES ('de01370e-50a6-5ac7-91df-2c5223fa4a1a', 'a67ab3bc-870e-5c48-88ac-88a32d0bc71a');
INSERT INTO song_genre (song_id, genre_id) VALUES ('9d3efbe1-7d7d-5f80-b1cf-5e7c8edf6b28', 'a67ab3bc-870e-5c48-88ac-88a32d0bc71a');
INSERT INTO song_genre (song_id, genre_id) VALUES ('81fbc187-b622-54d5-969d-2a65bcea4080', 'a67ab3bc-870e-5c48-88ac-88a32d0bc71a');
INSERT INTO song_genre (song_id, genre_id) VALUES ('6189f026-46f6-5b91-9c25-98a6ceed8124', 'a67ab3bc-870e-5c48-88ac-88a32d0bc71a');
INSERT INTO song_genre (song_id, genre_id) VALUES ('a1acd3e6-f9b8-540c-8192-f279edc15d5d', '7b06cab1-b93e-50e9-8eb6-5c20ea79db84');
INSERT INTO song_genre (song_id, genre_id) VALUES ('49a451c5-034c-570e-b577-7653d30818d6', 'a2fbbe79-1ad1-52ba-9c00-b40747fa8f25');
INSERT INTO song_genre (song_id, genre_id) VALUES ('b9ae2c04-31ad-5660-88b4-3fbb1d515a1a', 'a2fbbe79-1ad1-52ba-9c00-b40747fa8f25');
INSERT INTO song_genre (song_id, genre_id) VALUES ('186938a0-90c8-5b83-974c-c037fd45534d', 'a2fbbe79-1ad1-52ba-9c00-b40747fa8f25');
INSERT INTO song_genre (song_id, genre_id) VALUES ('aec2ee9c-e0a6-5a87-9e49-d0e54eae124f', 'a2fbbe79-1ad1-52ba-9c00-b40747fa8f25');
INSERT INTO song_genre (song_id, genre_id) VALUES ('160f6a57-381e-5b85-b2f7-6e4f5f9f5d76', 'a2fbbe79-1ad1-52ba-9c00-b40747fa8f25');
INSERT INTO song_genre (song_id, genre_id) VALUES ('017ff32f-7efd-5665-94d2-39aaf5ac7b51', 'a2fbbe79-1ad1-52ba-9c00-b40747fa8f25');
INSERT INTO song_genre (song_id, genre_id) VALUES ('5ecee32c-38eb-5135-9556-1a6ce1440349', 'a2fbbe79-1ad1-52ba-9c00-b40747fa8f25');
INSERT INTO song_genre (song_id, genre_id) VALUES ('63348176-e908-59c4-a65d-fb40237c633d', 'a2fbbe79-1ad1-52ba-9c00-b40747fa8f25');
INSERT INTO song_genre (song_id, genre_id) VALUES ('14b644c7-1a95-5c9d-9c22-2c18724b6c6a', 'a2fbbe79-1ad1-52ba-9c00-b40747fa8f25');
INSERT INTO song_genre (song_id, genre_id) VALUES ('7c3caa49-72a7-5b7e-b936-035be0c67c1d', 'a2fbbe79-1ad1-52ba-9c00-b40747fa8f25');
INSERT INTO song_genre (song_id, genre_id) VALUES ('48e37017-4847-5447-b665-abdce3823b76', 'a2fbbe79-1ad1-52ba-9c00-b40747fa8f25');
INSERT INTO song_genre (song_id, genre_id) VALUES ('4dbdbbb5-0407-52dc-857d-d2440e03c3ff', 'a2fbbe79-1ad1-52ba-9c00-b40747fa8f25');
INSERT INTO song_genre (song_id, genre_id) VALUES ('675c800f-ac3a-5a67-a4b1-56d3b7008d0a', 'a2fbbe79-1ad1-52ba-9c00-b40747fa8f25');
INSERT INTO song_genre (song_id, genre_id) VALUES ('3aee07e2-711a-5168-abc7-76e4b1db38ee', 'a2fbbe79-1ad1-52ba-9c00-b40747fa8f25');
INSERT INTO song_genre (song_id, genre_id) VALUES ('206ff677-f700-5e91-8f44-47b5aefa914c', 'a2fbbe79-1ad1-52ba-9c00-b40747fa8f25');
INSERT INTO song_genre (song_id, genre_id) VALUES ('61a22bf5-5291-554e-aef1-ffbb9891d3f7', 'a2fbbe79-1ad1-52ba-9c00-b40747fa8f25');
INSERT INTO song_genre (song_id, genre_id) VALUES ('911cfd1d-055d-58e3-be07-d8cdd8811dab', 'a2fbbe79-1ad1-52ba-9c00-b40747fa8f25');
INSERT INTO song_genre (song_id, genre_id) VALUES ('66813436-35f3-5a9d-b800-534702a3716e', 'a2fbbe79-1ad1-52ba-9c00-b40747fa8f25');
INSERT INTO song_genre (song_id, genre_id) VALUES ('b408d4c7-82db-51aa-8910-80dbf0c590cc', 'a2fbbe79-1ad1-52ba-9c00-b40747fa8f25');
INSERT INTO song_genre (song_id, genre_id) VALUES ('eb81e34a-fee8-5e2b-9a4b-073cfe373860', 'a2fbbe79-1ad1-52ba-9c00-b40747fa8f25');
INSERT INTO song_genre (song_id, genre_id) VALUES ('d32cfd64-8541-5e9a-aa5e-df45bfb13cb3', 'a2fbbe79-1ad1-52ba-9c00-b40747fa8f25');
INSERT INTO song_genre (song_id, genre_id) VALUES ('84b59022-b3cf-5592-ac56-17064de6b91b', 'a2fbbe79-1ad1-52ba-9c00-b40747fa8f25');
INSERT INTO song_genre (song_id, genre_id) VALUES ('105f7bac-3ec8-5d10-b809-f8722e3e75ea', 'a2fbbe79-1ad1-52ba-9c00-b40747fa8f25');
INSERT INTO song_genre (song_id, genre_id) VALUES ('707a5d05-509d-57cd-ba11-c246b10c0bbe', 'a2fbbe79-1ad1-52ba-9c00-b40747fa8f25');
INSERT INTO song_genre (song_id, genre_id) VALUES ('47d4cc36-346b-5473-ba6a-b0d4198fa42e', 'a2fbbe79-1ad1-52ba-9c00-b40747fa8f25');
INSERT INTO song_genre (song_id, genre_id) VALUES ('e36a895d-d9db-505a-8e3f-f2835098f4d3', 'a2fbbe79-1ad1-52ba-9c00-b40747fa8f25');
INSERT INTO song_genre (song_id, genre_id) VALUES ('2c493c87-a59f-55fb-adc6-56324456ce30', 'a2fbbe79-1ad1-52ba-9c00-b40747fa8f25');
INSERT INTO song_genre (song_id, genre_id) VALUES ('416eb5e0-9e5e-5e87-9860-d4c489e0ebb7', 'a2fbbe79-1ad1-52ba-9c00-b40747fa8f25');
INSERT INTO song_genre (song_id, genre_id) VALUES ('5b1d313f-e748-5d9b-81cd-cdb73ff1a99c', 'a2fbbe79-1ad1-52ba-9c00-b40747fa8f25');
INSERT INTO song_genre (song_id, genre_id) VALUES ('3ffb67b3-593e-5bd3-999f-812e4b27bcc5', 'a2fbbe79-1ad1-52ba-9c00-b40747fa8f25');
INSERT INTO song_genre (song_id, genre_id) VALUES ('72f611bc-7d5b-533a-85a7-1d1a8d291061', 'a2fbbe79-1ad1-52ba-9c00-b40747fa8f25');
INSERT INTO song_genre (song_id, genre_id) VALUES ('0f0d0c66-77ac-59b6-9694-d8a9c0164a7c', 'a2fbbe79-1ad1-52ba-9c00-b40747fa8f25');
INSERT INTO song_genre (song_id, genre_id) VALUES ('cb850f0e-7a40-50a2-b0b7-0c739db0ad13', 'a2fbbe79-1ad1-52ba-9c00-b40747fa8f25');
INSERT INTO song_genre (song_id, genre_id) VALUES ('132df602-b62b-595d-87d3-03c85b589e0b', 'a2fbbe79-1ad1-52ba-9c00-b40747fa8f25');
INSERT INTO song_genre (song_id, genre_id) VALUES ('80107a34-2edf-5cee-bdf1-337c1e1ff076', 'a67ab3bc-870e-5c48-88ac-88a32d0bc71a');
INSERT INTO song_genre (song_id, genre_id) VALUES ('fbf6c569-762b-529d-bb02-24f9800c6b1c', 'a67ab3bc-870e-5c48-88ac-88a32d0bc71a');
INSERT INTO song_genre (song_id, genre_id) VALUES ('0ae2a03e-3e1b-531c-ad1a-5af8cea4abb9', 'a67ab3bc-870e-5c48-88ac-88a32d0bc71a');
INSERT INTO song_genre (song_id, genre_id) VALUES ('011fb39d-ad7f-5b7c-af48-aff17c920538', 'a67ab3bc-870e-5c48-88ac-88a32d0bc71a');
INSERT INTO song_genre (song_id, genre_id) VALUES ('31144ce9-ff79-5c41-9299-2db528745e3d', 'a67ab3bc-870e-5c48-88ac-88a32d0bc71a');
INSERT INTO song_genre (song_id, genre_id) VALUES ('ab35a4ce-3240-5042-bd64-059e4da048eb', 'a67ab3bc-870e-5c48-88ac-88a32d0bc71a');
INSERT INTO song_genre (song_id, genre_id) VALUES ('188682ee-4595-5b9f-be5c-45b1e8283c6b', 'a67ab3bc-870e-5c48-88ac-88a32d0bc71a');
INSERT INTO song_genre (song_id, genre_id) VALUES ('c1065a43-eb7e-5c42-b0e1-d46dcc7e0b59', 'a67ab3bc-870e-5c48-88ac-88a32d0bc71a');
INSERT INTO song_genre (song_id, genre_id) VALUES ('1e86d753-b319-5a06-b6fd-d52010515169', 'a67ab3bc-870e-5c48-88ac-88a32d0bc71a');
INSERT INTO song_genre (song_id, genre_id) VALUES ('cd6055ce-f053-5f3e-935f-3d65677ddcc7', 'a67ab3bc-870e-5c48-88ac-88a32d0bc71a');
INSERT INTO song_genre (song_id, genre_id) VALUES ('abb110b7-3bfb-5d53-8604-91c54b968e03', 'a67ab3bc-870e-5c48-88ac-88a32d0bc71a');
INSERT INTO song_genre (song_id, genre_id) VALUES ('791b15e6-08d2-50db-b42e-35a9e2153b08', 'a67ab3bc-870e-5c48-88ac-88a32d0bc71a');
INSERT INTO song_genre (song_id, genre_id) VALUES ('0c7e7e16-11c0-5e13-8097-3f899f2d6d27', 'a67ab3bc-870e-5c48-88ac-88a32d0bc71a');
INSERT INTO song_genre (song_id, genre_id) VALUES ('1b7f353f-1287-5bf6-b420-11cdd71998e4', 'bb81e914-0863-5638-ac18-3f371a7de2ad');
INSERT INTO song_genre (song_id, genre_id) VALUES ('af62c617-662d-5a92-b977-e1720d8e5205', 'bb81e914-0863-5638-ac18-3f371a7de2ad');
INSERT INTO song_genre (song_id, genre_id) VALUES ('72fa3346-72ff-5171-8d75-ba45346e8fd9', 'bb81e914-0863-5638-ac18-3f371a7de2ad');
INSERT INTO song_genre (song_id, genre_id) VALUES ('858ec94b-b8ea-59fe-b270-875f73ceaad2', 'bb81e914-0863-5638-ac18-3f371a7de2ad');
INSERT INTO song_genre (song_id, genre_id) VALUES ('def72b48-d717-5e0c-a3e5-88073b3565a7', 'bb81e914-0863-5638-ac18-3f371a7de2ad');
INSERT INTO song_genre (song_id, genre_id) VALUES ('9549c815-2052-5981-aded-90da1da00052', 'bb81e914-0863-5638-ac18-3f371a7de2ad');
INSERT INTO song_genre (song_id, genre_id) VALUES ('80647fdd-3be2-5028-97d1-a753cf82efee', 'bb81e914-0863-5638-ac18-3f371a7de2ad');
INSERT INTO song_genre (song_id, genre_id) VALUES ('831aedd3-fc47-54e3-8c54-048a876e3dd9', 'bb81e914-0863-5638-ac18-3f371a7de2ad');
INSERT INTO song_genre (song_id, genre_id) VALUES ('3d6abd3c-407c-5f39-a760-c862d86cc1d4', 'bb81e914-0863-5638-ac18-3f371a7de2ad');
INSERT INTO song_genre (song_id, genre_id) VALUES ('a87a5382-8edc-5452-8b08-a76caf0b02ec', 'b14d867b-1d0b-5578-b92b-5ecd283cdd2f');
INSERT INTO song_genre (song_id, genre_id) VALUES ('ed8b6133-dd44-54d5-92b1-08a73f68f414', 'b14d867b-1d0b-5578-b92b-5ecd283cdd2f');
INSERT INTO song_genre (song_id, genre_id) VALUES ('cdafde52-fdcd-5785-baba-06debbb3a9c5', 'b14d867b-1d0b-5578-b92b-5ecd283cdd2f');
INSERT INTO song_genre (song_id, genre_id) VALUES ('04aabbc2-7618-5142-9bf2-2bf287915e6d', 'b14d867b-1d0b-5578-b92b-5ecd283cdd2f');
INSERT INTO song_genre (song_id, genre_id) VALUES ('fce6b4cc-f379-5c97-945d-0a1423273457', 'b14d867b-1d0b-5578-b92b-5ecd283cdd2f');
INSERT INTO song_genre (song_id, genre_id) VALUES ('bcc53b5f-7f88-59df-92a3-57677b050d11', 'b14d867b-1d0b-5578-b92b-5ecd283cdd2f');
INSERT INTO song_genre (song_id, genre_id) VALUES ('ea351b41-5918-551d-9903-f058acc12dbb', 'b14d867b-1d0b-5578-b92b-5ecd283cdd2f');
INSERT INTO song_genre (song_id, genre_id) VALUES ('e446c295-b351-5330-b0eb-d1d26a2ba425', 'b14d867b-1d0b-5578-b92b-5ecd283cdd2f');
INSERT INTO song_genre (song_id, genre_id) VALUES ('d3235d40-ebdb-5deb-9181-27dd5d290b85', 'b14d867b-1d0b-5578-b92b-5ecd283cdd2f');
INSERT INTO song_genre (song_id, genre_id) VALUES ('3115f564-dade-5c68-ac53-a029e8b6f051', 'b14d867b-1d0b-5578-b92b-5ecd283cdd2f');
INSERT INTO song_genre (song_id, genre_id) VALUES ('41497d9b-6502-57df-bad1-4629fe72c8aa', 'b14d867b-1d0b-5578-b92b-5ecd283cdd2f');
INSERT INTO song_genre (song_id, genre_id) VALUES ('851b27be-eb31-531f-81da-a9fd26145b38', 'bb81e914-0863-5638-ac18-3f371a7de2ad');
-- END GENERATED CATALOG

INSERT INTO users (id, username, display_name) VALUES
  ('00000000-0000-0000-0000-000000000001', 'ploot', 'Evan'),
  ('00000000-0000-0000-0000-000000000002', 'vassal', 'Vassal');

-- NO trailing slash on folder_path — libraryMembership.ts's half-open range
-- scan (`path >= folder_path || '/' AND path < folder_path || '0'`) depends on it.
INSERT INTO user_library_source (user_id, folder_path) VALUES
  ('00000000-0000-0000-0000-000000000001', '/app/media/Abbath'),
  ('00000000-0000-0000-0000-000000000001', '/app/media/Amon Amarth'),
  ('00000000-0000-0000-0000-000000000001', '/app/media/Sabaton'),
  ('00000000-0000-0000-0000-000000000001', '/app/media/Æther Realm'),
  ('00000000-0000-0000-0000-000000000001', '/app/media/Fake Album'),
  ('00000000-0000-0000-0000-000000000002', '/app/media/Aephanemer');

INSERT INTO queue (user_id, song_ids, play_order)
SELECT
  '00000000-0000-0000-0000-000000000001',
  ARRAY(SELECT id FROM song WHERE path LIKE '/app/media/Abbath/%' ORDER BY path),
  NULL;

INSERT INTO playback_state (user_id, cursor, position_ms, shuffled, repeat)
VALUES ('00000000-0000-0000-0000-000000000001', 0, 0, false, 'off');
